Supplemental Table 2.,,,,,,,,,,,,,,,,,,,,,,,,,,,,,,,,,,,,,,,,,,,,,,,,,,,,,,,
PERSONS OBTAINING LEGAL PERMANENT RESIDENT STATUS BY LEADING CORE-BASED STATISTICAL AREAS (CBSAs) OF RESIDENCE AND REGION,,,,,,,,,,,,,,,,,,,,,,,,,,,,,,,,,,,,,,,,,,,,,,,,,,,,,,,
AND COUNTRY OF BIRTH: FISCAL YEAR 2009,,,,,,,,,,,,,,,,,,,,,,,,,,,,,,,,,,,,,,,,,,,,,,,,,,,,,,,
,,,,,,,,,,,,,,,,,,,,,,,,,,,,,,,,,,,,,,,,,,,,,,,,,,,,,,,
Region and country of birth,Total,"New York-Northern New Jersey-Long Island, NY-NJ-PA","Los Angeles-Long Beach-Santa Ana, CA","Miami-Fort Lauderdale-Pompano Beach, FL","Washington-Arlington-Alexandria, DC-VA-MD-WV","Chicago-Naperville-Joliet, IL-IN-WI","San Francisco-Oakland-Fremont, CA","Houston-Sugar Land-Baytown, TX","Dallas-Fort Worth-Arlington, TX","Boston-Cambridge-Quincy, MA-NH","Atlanta-Sandy Springs-Marietta, GA","San Diego-Carlsbad-San Marcos, CA","Seattle-Tacoma-Bellevue, WA","Philadelphia-Camden-Wilmington, PA-NJ-DE-MD","San Jose-Sunnyvale-Santa Clara, CA","Riverside-San Bernardino-Ontario, CA","Minneapolis-St. Paul-Bloomington, MN-WI","Phoenix-Mesa-Scottsdale, AZ","Detroit-Warren-Livonia, MI","Orlando-Kissimmee, FL","Las Vegas-Paradise, NV","Tampa-St. Petersburg-Clearwater, FL","Sacramento--Arden-Arcade-Roseville, CA","Denver-Aurora-Broomfield, CO","Baltimore-Towson, MD","Portland-Vancouver-Beaverton, OR-WA","Columbus, OH","Austin-Round Rock, TX","Bridgeport-Stamford-Norwalk, CT","Providence-New Bedford-Fall River, RI-MA","Honolulu, HI","San Antonio, TX","Charlotte-Gastonia-Concord, NC-SC","El Paso, TX","Nashville-Davidson-Murfreesboro-Franklin, TN","Salt Lake City, UT","Hartford-West Hartford-East Hartford, CT","Indianapolis-Carmel, IN","Raleigh-Cary, NC","Kansas City, MO-KS","Saint Louis, MO-IL","San Juan-Caguas-Guaynabo, PR","Jacksonville, FL","Tucson, AZ","Fresno, CA","Oxnard-Thousand Oaks-Ventura, CA","Stockton, CA","Bakersfield, CA","Worcester, MA","McAllen-Edinburg-Mission, TX","Cleveland-Elyria-Mentor, OH",Non-CBSA,Other & Unknown,,
REGION,,,,,,,,,,,,,,,,,,,,,,,,,,,,,,,,,,,,,,,,,,,,,,,,,,,,,,,
Total,"1,130,818","189,860","97,539","83,936","42,567","38,840","32,304","32,022","29,022","26,346","23,344","20,779","20,712","18,936","18,677","17,010","14,958","14,349","12,856","11,408","10,307","10,296","9,358","8,468","8,268","7,844","6,006","5,698","5,334","5,187","5,000","4,917","4,844","4,593","4,498","4,241","4,216","4,108","4,094","4,085","3,792","3,740","3,659","3,569","3,567","3,535","3,240","3,146","3,146","3,143","3,081","14,556","211,817",,
Africa,"127,050","15,171","3,239",827,"11,440","3,276","1,471","3,620","4,673","4,771","5,628","1,390","4,076","3,932",732,645,"7,834","1,843",751,718,939,554,423,"2,018","2,185",996,"3,488",520,292,"1,497",41,303,817,37,"1,627",759,470,896,893,"1,062",811,D,518,665,64,69,84,50,948,D,423,658,"26,885",,
Asia,"413,312","70,000","52,971","4,326","16,110","14,732","20,803","10,736","10,065","7,766","8,181","8,929","9,820","8,021","13,583","5,440","4,327","4,419","8,426","1,901","3,862","2,039","4,537","2,552","3,805","3,238","1,492","2,113","1,177",884,"4,433","1,359","1,532",215,"1,617","1,552","1,428","2,039","1,553","1,512","1,765",102,"1,457",908,"1,314","1,240","1,822","1,039",831,202,"1,383","4,944","72,810",,
Europe,"105,398","18,107","5,087","3,472","3,002","8,256","2,817","1,864","1,434","3,141","1,955","1,270","3,702","2,548","1,476",636,"1,059","1,101","2,267","1,051",835,"1,297","2,110",978,730,"1,700",384,541,959,488,158,265,514,91,287,326,798,349,470,298,593,95,592,213,119,261,56,77,D,D,759,"1,361","22,980",,
North America,"375,236","60,076","31,848","51,379","7,487","10,857","5,251","12,980","11,496","7,780","4,963","8,494","2,233","3,453","2,291","9,472","1,153","6,401","1,161","4,430","4,079","4,589","1,664","2,514","1,135","1,607",438,"2,227","1,611","1,716",118,"2,773","1,236","4,183",745,974,985,629,873,968,403,"2,964",712,"1,679","1,984","1,815","1,172","1,884",485,"2,823",360,"6,832","73,854",,
Oceania,"5,578",449,422,70,121,124,503,84,98,69,67,107,270,68,153,100,50,67,26,31,46,19,401,57,30,110,16,30,34,18,154,16,31,6,20,84,5,5,12,22,19,D,9,8,21,14,57,4,D,-,16,125,"1,307",,
South America,"102,878","25,885","3,897","23,766","4,360","1,475","1,403","2,698","1,218","2,797","2,517",577,588,887,431,694,520,510,211,"3,267",537,"1,784",208,341,380,187,171,264,"1,258",581,95,197,710,59,195,544,528,170,284,217,189,567,367,91,62,132,48,88,440,68,131,627,"13,657",,
Unknown,"1,366",172,75,96,47,120,56,40,38,22,33,12,23,27,11,23,15,8,14,10,9,14,15,8,3,6,17,3,3,3,1,4,4,2,7,2,2,20,9,6,12,6,4,5,3,4,1,4,3,2,9,9,324,,
COUNTRY,,,,,,,,,,,,,,,,,,,,,,,,,,,,,,,,,,,,,,,,,,,,,,,,,,,,,,,
Total,"1,130,818","189,860","97,539","83,936","42,567","38,840","32,304","32,022","29,022","26,346","23,344","20,779","20,712","18,936","18,677","17,010","14,958","14,349","12,856","11,408","10,307","10,296","9,358","8,468","8,268","7,844","6,006","5,698","5,334","5,187","5,000","4,917","4,844","4,593","4,498","4,241","4,216","4,108","4,094","4,085","3,792","3,740","3,659","3,569","3,567","3,535","3,240","3,146","3,146","3,143","3,081","14,556","211,817",,
Afghanistan,"3,165",236,159,D,475,34,413,43,77,15,85,96,45,46,27,61,8,69,11,11,35,3,89,52,24,27,-,16,3,5,6,21,D,-,20,23,19,3,12,28,39,-,28,33,-,11,47,-,4,-,D,18,682,,
Albania,"5,137","1,382",23,39,92,335,13,19,36,364,8,13,19,342,8,7,10,52,725,24,23,166,-,11,31,17,33,9,38,10,-,6,D,D,15,8,105,3,3,6,58,-,158,D,D,8,-,-,167,-,81,13,650,,
Algeria,"1,485",308,48,28,97,70,132,32,15,107,19,14,17,101,14,7,16,11,17,9,8,18,16,14,7,5,28,12,D,3,3,16,D,-,D,D,10,19,25,11,D,-,-,D,D,D,-,-,D,-,5,7,203,,
American Samoa,19,-,D,-,-,-,D,-,-,-,-,-,-,-,-,-,-,D,D,-,D,-,D,-,-,-,-,-,-,-,3,-,-,-,-,-,-,-,-,-,D,-,-,-,-,-,-,-,-,-,-,-,7,,
Andorra,D,D,D,-,-,-,-,-,-,-,-,-,-,-,-,-,-,-,-,-,-,-,-,-,-,-,-,-,D,-,-,-,-,-,-,-,-,-,-,-,-,-,-,-,-,-,-,-,-,-,-,-,-,,
Angola,173,15,D,10,7,-,D,14,4,35,5,-,3,7,-,-,-,4,-,-,D,-,D,D,3,-,-,-,D,26,-,-,D,-,-,D,-,-,D,-,-,-,-,-,-,-,-,-,-,-,-,D,24,,
Anguilla,21,D,-,4,D,-,-,-,-,-,-,-,-,-,-,-,-,-,-,D,-,-,-,-,D,-,-,-,-,-,-,-,-,-,-,-,-,-,-,-,-,-,-,-,-,-,-,-,-,-,-,7,3,,
Antigua-Barbuda,437,198,D,34,8,3,D,3,5,16,14,D,D,10,-,D,D,4,D,9,D,6,-,-,5,-,-,-,5,D,-,-,D,-,-,D,-,-,D,-,D,4,-,-,-,-,-,-,-,-,D,55,39,,
Argentina,"5,780",776,433,"2,092",198,77,83,153,76,70,70,44,50,52,31,58,31,33,18,85,62,60,17,17,14,22,24,16,49,10,7,18,19,9,9,56,15,6,6,9,14,64,12,8,D,9,-,6,6,D,4,35,741,,
Armenia,"3,442",223,"2,399",24,51,29,42,7,19,52,8,13,33,23,16,11,D,13,10,6,58,3,89,9,D,8,-,3,9,12,D,-,4,-,D,9,11,D,D,D,3,-,4,6,56,6,-,D,-,-,7,4,149,,
Aruba,38,5,-,9,-,-,-,D,-,D,D,D,-,D,-,-,-,-,D,3,-,-,-,-,-,-,-,-,D,-,-,-,D,-,-,-,-,-,-,-,-,-,-,D,-,-,-,-,-,-,-,5,5,,
Australia,"2,622",335,231,49,83,87,113,63,60,51,42,65,99,54,34,28,38,37,20,16,20,11,21,44,21,25,9,21,28,10,12,12,22,D,16,18,3,4,6,11,10,D,8,5,8,9,3,D,D,-,14,71,670,,
Austria,512,80,52,23,28,15,14,5,D,26,9,13,7,10,9,9,3,6,7,3,5,3,D,D,4,3,4,-,D,3,D,9,-,-,D,3,-,D,4,D,D,-,D,-,-,D,-,-,3,-,3,6,126,,
Azerbaijan,834,198,175,13,30,10,22,13,7,16,5,7,34,19,10,3,4,D,3,D,6,D,12,3,20,5,3,6,-,D,D,3,13,-,4,8,13,D,D,3,8,-,4,3,D,D,-,-,D,-,3,5,127,,
Bahamas,751,37,3,369,5,8,5,19,5,3,45,-,D,6,D,-,3,-,7,23,D,20,-,D,6,D,3,-,3,D,-,-,12,-,7,-,3,D,8,-,D,-,9,-,-,-,-,D,D,-,D,10,116,,
Bahrain,120,21,D,-,5,7,5,6,7,-,7,-,4,D,4,D,3,D,D,D,-,-,3,-,D,D,D,-,-,-,-,-,-,-,-,-,-,D,-,D,3,-,D,-,-,D,-,-,-,-,D,-,24,,
Bangladesh,"16,651","9,195",551,353,792,149,95,232,346,234,496,45,59,579,87,105,56,99,883,101,23,62,43,27,73,17,76,63,136,28,8,16,8,-,12,10,89,31,33,17,23,4,9,D,D,9,D,5,17,4,21,42,"1,283",,
Barbados,603,313,6,43,21,4,4,3,6,36,13,D,3,14,-,D,-,3,-,D,D,6,-,-,10,4,D,D,4,D,-,D,D,-,-,-,7,D,3,-,-,-,-,-,D,-,D,-,D,-,D,8,71,,
Belarus,"2,407",476,84,53,24,163,43,9,14,69,35,21,135,118,47,10,86,4,8,17,13,17,91,41,28,31,11,8,28,4,3,5,7,-,D,3,7,5,12,D,12,-,17,D,5,D,D,D,6,-,16,15,595,,
Belgium,686,123,47,34,31,15,22,20,11,17,24,10,9,6,21,-,6,9,7,13,8,3,D,4,4,9,D,8,10,D,D,D,D,-,3,D,-,8,3,D,6,-,D,7,D,8,-,D,6,-,-,7,151,,
Belize,"1,041",183,329,50,7,107,6,46,29,4,14,3,6,5,-,24,3,21,D,8,18,8,3,D,D,5,D,3,4,-,-,8,7,-,3,-,-,-,4,-,D,-,5,D,-,D,-,-,-,D,D,8,107,,
Benin,401,53,4,D,38,30,3,8,14,7,23,4,8,17,D,-,15,-,-,D,3,D,D,21,4,-,8,4,D,-,-,-,-,-,5,D,-,17,8,D,D,-,-,4,-,-,-,-,D,-,3,6,80,,
Bermuda,108,13,5,6,7,D,-,D,D,4,11,-,D,10,-,-,D,D,D,D,D,D,-,-,D,-,-,D,-,D,-,-,D,-,-,-,3,-,-,-,-,-,-,D,-,-,-,-,D,-,-,D,27,,
Bhutan,594,26,9,-,-,20,14,-,68,8,122,6,21,-,D,-,13,26,-,-,-,-,-,3,16,12,-,-,-,-,-,3,D,-,-,27,D,-,-,5,14,-,7,23,D,-,-,-,13,-,6,-,127,,
Bolivia,"2,837",264,145,294,"1,098",28,33,92,40,40,26,10,7,17,24,34,12,8,3,14,14,26,8,9,20,4,4,6,5,71,D,8,4,D,3,16,10,D,D,5,4,3,8,D,3,4,D,-,10,4,-,6,383,,
Bosnia-Herzegovina,"1,501",69,15,14,33,126,19,24,41,24,65,16,34,16,23,4,21,51,34,13,26,46,5,25,D,12,D,5,D,6,D,3,12,-,7,25,12,6,D,9,106,D,39,D,-,D,-,-,-,-,22,7,475,,
Botswana,55,13,D,3,5,D,D,-,4,3,3,-,-,D,-,-,-,-,D,D,-,-,-,-,3,-,-,-,-,-,-,-,-,-,-,-,-,-,-,-,-,-,-,D,-,-,-,-,-,-,-,-,11,,
Brazil,"14,701","2,047",651,"2,502",334,178,437,222,262,"1,526",545,219,162,181,81,70,67,92,91,462,82,188,57,61,70,39,29,58,344,151,53,22,70,3,15,93,80,27,49,42,43,18,44,15,19,20,4,4,231,9,19,145,"2,468",,
British Virgin Islands,46,14,-,D,-,D,-,-,D,-,D,-,-,-,-,-,-,D,-,4,-,-,-,-,-,-,-,-,-,-,-,-,-,-,-,-,-,-,-,-,-,D,-,-,-,-,-,-,-,-,-,16,4,,
Brunei,26,3,D,-,-,-,-,4,D,-,-,-,-,-,-,D,-,D,-,-,-,-,-,-,D,-,-,-,-,D,D,-,D,-,-,-,-,-,-,-,-,-,-,-,-,-,-,-,-,-,-,-,10,,
Bulgaria,"3,133",317,149,84,133,516,105,31,34,111,94,36,90,55,46,24,26,62,35,27,116,53,7,27,32,17,7,15,15,7,9,4,9,D,D,15,3,14,7,7,38,-,13,D,D,4,D,5,8,-,12,60,648,,
Burkina Faso,416,150,4,-,42,6,D,17,3,3,13,-,17,13,D,-,4,3,-,D,D,-,D,5,9,-,4,3,-,-,-,-,D,-,3,D,4,4,D,-,D,-,-,-,-,-,-,-,D,-,D,D,92,,
Burma,"13,621",430,373,106,298,301,471,179,859,80,538,210,208,64,68,36,657,468,11,24,27,84,15,156,300,131,38,83,D,D,11,35,29,6,226,222,63,870,63,75,69,-,215,4,4,4,11,42,5,-,24,32,"5,393",,
Burundi,"1,505",32,-,D,29,34,D,92,130,23,79,29,31,D,-,-,5,71,-,-,8,-,3,22,4,19,5,12,D,4,-,14,D,-,32,47,4,-,7,14,14,-,28,31,-,-,-,-,19,-,6,-,650,,
Cambodia,"3,771",45,667,14,91,46,104,111,108,377,78,49,271,154,73,71,181,30,5,4,24,21,21,31,D,59,28,22,24,79,6,4,18,-,10,29,10,5,5,8,D,-,37,D,42,3,79,8,7,-,16,29,661,,
Cameroon,"3,463",154,88,17,"1,130",86,30,162,137,98,227,D,25,64,23,10,142,15,46,7,4,13,5,10,174,5,56,31,3,7,-,D,9,-,6,6,3,4,6,31,9,-,3,27,D,-,D,D,15,-,8,14,546,,
Canada,"16,140","1,352",854,596,332,442,482,488,434,410,284,280,792,251,300,200,197,363,415,146,166,210,98,192,82,172,95,132,108,52,53,47,108,8,84,81,72,73,141,60,94,7,43,47,34,46,18,32,44,16,76,435,"4,596",,
Cape Verde,"2,238",31,3,D,3,D,8,-,-,"1,427",D,-,D,6,-,-,D,-,-,6,-,D,-,-,D,-,-,-,28,645,-,-,-,-,D,-,D,-,-,-,-,-,-,-,-,-,-,-,6,-,-,-,62,,
Cayman Islands,45,4,D,15,D,D,-,-,-,-,D,-,-,D,D,-,-,-,D,D,-,6,-,-,-,-,-,-,D,-,-,-,-,-,-,-,-,-,-,-,-,-,-,-,-,-,-,-,-,-,-,D,7,,
Central African Republic,107,10,-,-,18,-,7,7,3,D,-,4,-,D,D,-,-,-,4,-,-,-,-,D,4,D,-,-,-,D,-,D,-,-,-,-,-,D,D,D,D,-,3,3,-,-,-,-,-,-,-,-,25,,
Chad,102,27,-,-,12,D,D,5,6,-,3,-,-,D,D,-,-,-,-,D,D,D,-,D,-,-,D,-,-,-,-,-,-,-,-,-,-,D,-,-,-,-,-,4,-,-,-,-,-,-,-,-,31,,
Chile,"2,250",320,124,488,87,36,54,59,27,33,32,34,34,36,29,43,26,17,6,26,20,13,14,27,9,8,D,10,21,5,D,3,9,D,9,32,11,D,5,11,5,9,9,6,5,6,-,3,7,D,3,30,443,,
"China, People's Republic","64,238","21,025","7,219",465,"1,512","1,560","5,659","1,228",754,"1,992",682,608,"1,200","1,333","2,106",443,438,372,384,244,453,155,454,265,458,406,197,260,159,128,560,113,163,19,136,103,141,182,175,166,257,41,118,95,64,144,86,26,151,18,189,640,"8,492",,
Christmas Island,D,-,-,-,D,-,-,-,-,-,-,-,-,-,-,-,-,-,-,-,-,-,-,-,-,-,-,-,-,-,-,-,-,-,-,-,-,-,-,-,-,-,-,-,-,-,-,-,-,-,-,-,-,,
Colombia,"27,849","5,945",696,"7,997",611,414,198,910,312,680,919,101,113,273,62,152,101,145,32,"1,193",136,819,41,65,71,36,30,84,327,236,4,75,230,17,63,48,101,35,92,63,52,211,143,24,13,37,5,15,41,18,24,138,"3,701",,
Comoros,D,-,-,-,-,D,-,-,-,-,-,-,-,D,-,-,-,-,-,-,-,-,-,-,-,-,-,-,-,-,-,-,-,-,-,-,-,-,-,-,-,-,-,-,-,-,-,-,-,-,-,-,1,,
"Congo, Democratic Republic","2,122",56,28,5,142,45,11,85,193,35,107,60,27,6,11,D,33,29,14,6,6,-,10,65,27,15,21,30,24,6,-,4,75,-,8,21,D,13,61,9,11,-,14,15,-,-,D,-,14,-,8,10,758,,
"Congo, Republic","1,563",75,17,7,86,61,13,60,99,21,91,9,34,9,D,D,19,93,5,4,20,D,-,37,23,11,18,8,7,5,-,11,50,-,21,10,-,D,46,6,17,-,9,15,-,D,-,D,12,-,7,3,516,,
Cook Islands,D,-,-,-,-,-,-,-,-,-,-,-,-,-,-,-,-,-,-,-,-,-,-,-,-,-,-,-,-,-,D,-,-,-,-,-,-,-,-,-,-,-,-,D,-,-,-,-,-,-,-,-,-,,
Costa Rica,"2,384",562,95,319,73,20,20,38,37,45,72,16,19,49,10,25,11,21,6,34,20,71,7,17,8,8,4,5,23,7,D,5,41,D,10,5,-,6,16,4,-,14,9,-,D,D,-,D,D,5,D,36,582,,
Cote d'Ivoire,"2,159",548,30,7,183,35,23,36,52,29,104,9,26,118,3,3,60,46,11,3,5,14,6,27,25,5,22,13,6,39,D,6,16,-,7,20,16,21,5,34,37,-,12,20,D,-,-,D,19,-,18,D,434,,
Croatia,496,96,27,21,15,39,8,9,4,13,10,D,12,5,12,D,D,7,4,3,8,7,4,5,4,4,6,4,D,-,D,4,-,D,D,7,D,3,D,6,4,-,3,D,-,-,-,-,D,-,7,3,116,,
Cuba,"38,954","1,027",283,"26,666",49,126,42,658,161,43,199,42,22,48,7,53,17,250,6,631,728,"2,412",5,21,7,144,6,205,6,9,-,42,81,13,111,32,24,9,13,86,11,119,184,42,D,D,-,7,10,17,3,43,"4,230",,
Cyprus,142,38,9,4,D,5,5,-,4,6,3,D,D,-,6,D,D,7,D,D,D,3,-,D,D,-,-,D,-,D,-,-,D,-,-,-,D,-,-,D,D,-,-,-,D,-,-,-,-,-,D,D,26,,
Czech Republic,146,18,6,3,3,10,5,4,D,8,-,D,6,4,4,-,D,7,3,D,3,D,-,3,D,D,-,D,D,-,-,D,-,-,D,-,-,-,D,D,D,-,D,D,-,-,-,-,-,-,D,3,32,,
"Czechoslovakia, former",865,89,46,40,32,79,27,6,8,21,29,9,20,10,9,5,4,15,12,17,6,27,5,9,12,3,5,3,9,-,D,-,7,D,4,3,D,D,8,5,5,D,5,-,-,-,-,7,D,-,D,28,224,,
Denmark,603,69,55,15,26,18,39,22,22,17,25,15,39,5,11,3,11,6,D,7,D,6,D,7,3,9,D,11,8,D,-,D,3,-,D,D,5,D,3,5,-,-,D,-,D,D,-,-,D,D,3,8,108,,
Djibouti,54,-,-,-,5,3,-,D,4,-,-,6,4,-,D,-,9,D,-,-,-,D,-,-,D,-,D,-,-,-,-,-,-,-,D,-,-,D,-,-,-,-,-,-,-,-,-,-,D,-,-,D,10,,
Dominica,484,155,3,35,13,D,D,20,D,20,13,D,-,4,-,D,D,D,D,9,D,12,-,-,3,D,-,-,6,D,-,-,D,-,3,-,4,-,-,D,-,-,-,-,-,-,-,D,-,-,D,119,46,,
Dominican Republic,"49,414","30,228",65,"2,522",478,143,25,109,60,"3,619",244,22,22,"1,039",7,29,60,47,34,704,66,345,15,15,100,6,58,11,288,"1,074",5,20,130,12,18,16,154,52,79,16,7,"2,636",40,11,D,D,4,5,250,10,61,425,"4,025",,
East Timor,D,-,-,-,-,-,-,-,-,-,-,-,D,-,-,-,-,-,-,-,-,-,-,-,-,-,-,-,-,-,-,-,-,-,-,-,-,-,-,-,-,-,-,-,-,-,-,-,-,-,-,-,-,,
Ecuador,"12,128","6,552",391,"1,325",246,410,44,160,77,73,115,23,28,91,16,55,87,49,7,212,52,112,10,12,36,6,16,9,245,26,9,10,165,7,18,29,41,5,18,8,6,20,34,8,-,11,D,D,33,5,10,50,"1,151",,
Egypt,"8,844","2,841",783,76,366,232,84,150,175,167,79,74,91,233,44,136,94,46,91,111,36,86,30,31,86,63,60,13,21,38,D,16,26,D,635,15,28,43,48,26,17,3,15,11,15,22,D,13,53,-,56,43,"1,416",,
El Salvador,"19,909","2,651","4,280",411,"3,205",159,903,"1,635",751,463,277,61,105,33,148,429,86,100,11,63,324,53,74,62,183,37,20,66,45,44,3,47,114,9,61,45,8,32,44,42,3,22,15,18,113,66,42,133,39,9,14,147,"2,204",,
Equatorial Guinea,32,4,D,-,-,-,D,D,-,-,-,-,-,-,D,D,-,-,D,-,-,-,-,D,-,-,-,-,-,D,-,-,-,-,D,-,-,-,-,-,-,-,-,15,-,-,-,-,-,-,-,-,3,,
Eritrea,"1,928",23,84,4,259,47,103,86,54,46,102,22,152,21,39,4,68,49,D,14,70,3,13,103,13,20,33,3,D,9,-,-,21,-,10,25,-,21,13,15,48,-,D,14,D,-,D,-,D,-,-,D,308,,
Estonia,282,51,12,29,11,12,7,3,8,3,4,D,10,6,-,D,4,5,D,6,3,3,-,3,4,D,3,D,4,-,-,-,-,-,-,-,D,4,3,D,D,-,3,-,-,D,-,D,-,-,-,4,65,,
Ethiopia,"15,462",285,435,26,"2,961",331,285,235,615,339,893,212,"1,055",161,273,44,"1,478",189,40,25,506,43,83,647,173,245,334,93,18,14,7,14,87,D,198,48,28,44,45,141,100,-,77,29,11,10,10,6,15,D,21,134,"2,393",,
Falkland Islands,D,D,-,-,-,-,-,-,-,-,-,-,-,-,D,-,-,-,-,-,-,-,-,-,-,-,-,-,-,-,-,-,-,-,-,-,-,-,-,-,-,-,-,-,-,-,-,-,-,-,-,-,-,,
Fiji,"1,194",D,62,3,5,7,225,6,8,D,D,5,92,-,58,22,5,4,-,3,D,D,349,D,3,43,-,D,D,-,13,-,-,-,-,D,-,-,-,D,D,-,-,-,5,-,50,-,-,-,-,D,208,,
Finland,423,38,24,38,15,8,12,9,40,8,22,11,16,D,8,3,5,3,4,D,D,6,D,3,4,D,5,3,11,3,-,D,D,D,D,D,-,D,D,D,3,-,4,-,-,-,D,-,-,-,D,9,86,,
France,"4,491",838,368,306,203,110,285,108,73,167,107,94,133,75,178,22,48,50,44,53,45,33,30,25,18,19,12,45,30,15,10,13,15,D,15,12,4,12,29,8,14,8,D,10,14,10,4,3,10,-,13,39,709,,
French Guiana,18,5,-,D,-,-,-,D,-,-,-,-,-,-,D,-,D,-,-,D,-,-,-,-,-,-,-,-,-,-,-,-,-,-,-,-,-,-,-,-,-,-,-,-,3,-,-,-,-,-,-,D,2,,
French Polynesia,30,D,D,D,D,-,5,D,-,-,-,3,-,-,-,-,-,-,-,-,D,-,-,-,-,-,-,-,-,-,7,-,-,-,-,-,-,-,-,-,-,-,-,-,-,-,-,-,-,-,-,-,6,,
Gabon,171,14,3,-,18,10,D,20,6,3,13,-,D,D,-,-,D,D,4,-,6,-,-,3,3,-,D,D,D,-,D,-,3,-,-,-,-,D,D,-,-,-,3,D,-,-,-,-,D,-,D,-,42,,
Gambia,978,239,5,4,87,5,7,4,23,13,101,D,81,7,D,D,30,5,19,D,D,-,D,3,16,10,28,-,D,15,-,-,6,-,9,D,-,-,50,13,4,-,D,-,-,-,D,-,D,-,D,9,170,,
Georgia,"1,578",711,139,22,32,42,34,11,5,16,25,3,20,72,19,D,8,4,D,8,13,4,21,10,9,27,10,D,12,3,-,D,9,-,3,6,4,D,4,D,6,-,7,3,D,-,-,-,3,-,12,9,222,,
Germany,"7,583",881,415,230,257,209,296,124,122,200,158,130,153,148,191,65,62,89,155,58,50,94,36,68,62,47,27,55,34,34,23,61,65,38,24,31,29,38,31,29,32,5,32,24,9,30,D,6,23,D,37,162,"2,398",,
Ghana,"8,401","2,466",127,43,983,291,34,100,173,115,434,8,63,260,8,39,146,46,48,24,22,34,19,136,209,10,355,17,19,69,D,6,69,D,47,6,124,18,28,11,27,-,17,6,D,4,3,4,349,D,19,41,"1,319",,
Gibraltar,D,-,-,D,-,-,-,-,-,-,D,D,-,-,-,-,-,-,-,-,-,D,-,-,-,-,-,-,-,-,-,-,-,-,-,-,-,-,-,-,-,-,-,-,-,-,-,-,-,-,-,D,3,,
Greece,798,198,48,28,27,45,21,17,10,57,11,10,7,28,10,5,D,7,10,4,6,26,D,3,13,3,D,D,14,3,D,4,6,-,D,-,3,D,3,-,5,-,7,D,D,-,-,D,4,-,3,D,138,,
Grenada,748,533,8,21,28,D,D,14,11,D,13,3,D,5,3,-,-,-,-,6,-,6,D,-,9,-,-,D,5,D,-,-,D,-,-,-,D,-,-,D,D,-,D,-,-,-,-,-,-,-,-,5,63,,
Guadeloupe,32,11,-,6,-,-,-,-,D,D,-,D,-,-,-,-,-,-,-,-,D,D,-,-,D,-,-,-,-,-,-,-,-,-,-,-,-,-,-,-,-,D,-,-,-,-,-,-,-,-,D,D,4,,
Guam,D,-,-,-,-,-,D,-,-,-,-,-,-,-,-,-,-,-,-,-,-,-,-,-,-,-,-,-,-,-,-,-,-,-,-,-,-,-,-,-,-,-,-,-,-,-,-,-,-,-,-,-,-,,
Guatemala,"12,187",964,"2,801",525,595,455,568,307,211,339,214,121,86,74,80,372,53,170,18,56,148,47,54,52,56,125,7,34,150,275,3,40,32,7,43,41,13,21,35,54,17,10,12,13,26,65,16,51,19,6,27,202,"2,477",,
Guinea,"1,725",768,10,5,128,20,11,25,27,31,120,-,22,78,D,D,52,3,9,D,4,D,-,22,15,D,58,D,-,31,-,-,5,-,D,D,-,38,4,8,3,-,6,-,D,-,-,-,3,-,D,3,202,,
Guinea-Bissau,20,4,-,-,-,-,-,-,-,D,-,-,D,D,-,-,-,-,-,-,-,-,-,-,D,-,D,-,-,7,-,-,-,-,-,D,-,-,-,-,-,-,-,-,-,-,-,-,-,-,-,-,1,,
Guyana,"6,670","4,732",37,245,220,11,9,38,15,46,128,6,5,60,5,10,109,8,9,191,6,48,-,D,48,-,4,3,10,D,D,-,15,-,11,D,55,3,4,5,D,6,11,D,D,D,-,-,4,-,32,12,499,,
Haiti,"24,280","5,729",36,"9,407",211,138,15,41,15,"1,864",297,21,20,336,7,5,14,11,11,"1,491",19,276,D,18,56,23,23,11,384,87,D,D,20,D,19,6,23,14,12,24,14,4,168,D,D,D,-,-,45,D,D,210,"3,142",,
Honduras,"6,404","1,020",542,"1,062",375,136,81,420,209,146,102,27,41,31,23,56,25,53,6,60,50,85,15,12,39,18,7,43,40,15,3,43,50,6,22,3,4,23,36,32,15,14,11,12,11,12,6,5,7,16,9,69,"1,256",,
Hong Kong,"2,651",511,453,21,56,61,430,73,24,108,27,40,125,32,142,24,10,9,8,10,22,D,39,7,13,13,6,11,8,4,39,3,8,-,5,7,3,5,3,5,7,-,5,8,D,5,5,3,7,-,11,14,217,,
Hungary,"1,314",250,128,133,33,37,27,14,10,21,10,10,17,14,19,13,6,12,10,14,27,30,9,11,15,8,9,3,20,D,D,7,9,D,6,5,8,14,6,D,4,D,10,4,3,11,D,3,-,D,7,10,287,,
Iceland,131,8,14,6,3,D,3,D,D,4,13,6,D,4,D,-,-,D,-,9,-,3,D,-,-,-,-,-,D,-,-,-,-,-,D,-,-,D,D,D,-,-,-,-,-,-,-,-,-,-,-,D,41,,
India,"57,304","9,867","2,206",432,"2,328","3,689","2,932","1,751","1,941","1,336","1,417",435,"1,450","2,018","3,000",594,537,472,974,265,142,367,858,223,654,350,260,435,265,159,31,163,383,19,179,107,342,305,363,278,281,4,143,51,538,190,411,402,187,25,271,561,"10,713",,
Indonesia,"3,679",393,764,24,125,69,251,78,65,106,83,29,173,118,94,290,31,44,15,8,36,18,36,53,23,21,20,18,4,5,18,6,8,D,8,10,3,8,5,9,8,D,3,7,6,13,4,4,D,-,15,62,484,,
Iran,"18,553",587,"8,209",112,956,313,548,413,456,172,310,448,327,86,821,121,87,233,51,54,159,31,225,107,165,97,48,130,19,15,9,263,49,D,116,140,36,24,56,55,46,D,43,44,44,77,5,7,32,D,33,27,"2,142",,
Iraq,"12,110",210,331,33,462,725,72,345,252,86,200,"1,969",168,121,72,134,36,565,"2,489",14,38,38,89,128,48,62,77,64,11,19,-,73,11,19,175,111,14,10,40,113,130,D,51,182,-,8,11,D,31,D,24,43,"2,201",,
Ireland,"1,637",385,64,22,46,83,117,15,10,222,21,16,44,32,34,12,9,13,6,16,12,14,3,9,16,15,4,13,25,9,D,D,3,-,-,-,3,6,6,D,7,-,8,D,D,D,D,4,D,-,4,32,264,,
Israel,"5,612","1,437",799,512,108,161,165,84,124,214,110,62,134,94,284,38,19,48,40,26,97,36,19,27,21,38,19,32,5,8,6,11,16,3,25,5,14,8,15,11,29,5,10,9,D,20,D,-,9,D,43,25,583,,
Italy,"2,892",602,203,239,109,99,81,69,35,120,45,65,54,67,43,18,11,22,43,22,22,35,10,15,30,20,9,9,20,18,5,11,8,3,D,11,20,5,14,8,3,12,4,5,D,9,D,D,9,-,12,23,590,,
Jamaica,"21,783","7,807",164,"4,954",612,262,46,163,101,332,891,23,34,592,9,54,31,59,71,517,38,324,10,15,231,8,33,15,355,44,7,20,49,5,27,-,523,26,23,28,27,-,103,8,D,-,D,D,29,3,41,159,"2,906",,
Japan,"7,690",982,"1,133",81,208,207,401,106,81,143,103,259,342,93,270,83,56,50,129,36,95,35,37,35,36,120,52,28,37,6,457,29,25,10,21,24,13,13,19,28,24,4,15,17,8,23,D,11,17,D,27,175,"1,482",,
Jordan,"4,282",520,215,68,113,549,104,134,161,33,45,78,40,62,31,96,29,44,181,34,20,55,37,25,21,13,79,12,15,D,D,20,35,9,47,16,6,29,29,28,35,10,8,9,13,9,6,11,7,D,77,50,"1,009",,
Kazakhstan,"1,562",267,55,28,59,51,41,41,22,41,27,17,62,55,13,6,22,18,7,8,7,11,72,13,16,60,13,D,D,4,-,3,8,3,4,D,D,4,8,5,9,-,6,10,D,4,D,D,3,-,10,34,404,,
Kenya,"9,880",377,198,19,288,115,127,221,694,393,483,112,576,245,48,66,885,142,14,39,28,24,43,93,221,115,368,31,D,37,6,16,33,7,60,103,27,56,118,223,128,-,18,105,3,3,4,D,141,D,33,33,"2,757",,
Kiribati,10,-,-,-,-,-,-,-,-,D,-,-,-,-,-,-,-,-,-,-,-,-,-,-,-,-,-,-,-,-,D,-,-,-,-,-,-,-,-,-,D,-,-,-,-,-,-,-,-,-,-,-,4,,
"Korea, North",67,12,9,-,7,D,-,-,D,D,D,D,D,D,-,-,-,5,-,-,-,-,-,4,D,-,-,-,-,-,-,-,-,-,-,-,-,-,-,-,-,-,-,-,-,-,-,-,-,-,-,-,20,,
"Korea, South","25,859","3,931","6,208",178,"1,666",856,628,349,500,384,"1,038",395,774,463,694,359,121,134,206,94,168,85,130,148,438,180,73,194,57,31,236,55,67,19,92,40,52,49,126,54,107,D,32,30,23,76,D,17,37,30,38,395,"3,787",,
Kuwait,"1,124",132,73,22,42,75,27,31,69,17,38,9,20,11,11,17,7,11,49,11,8,16,10,8,15,11,13,4,-,-,-,D,7,5,10,4,D,5,6,16,D,D,5,3,D,D,D,5,D,-,26,3,260,,
Kyrgyzstan,574,104,11,8,22,19,15,9,4,8,4,D,27,17,9,D,21,4,3,6,6,3,24,6,D,19,D,-,D,-,4,D,D,-,D,3,D,D,-,3,-,D,D,3,D,D,-,D,-,-,3,11,176,,
Laos,"1,688",5,37,5,24,19,25,13,56,20,33,27,63,15,17,19,312,4,17,4,18,22,57,16,D,27,17,3,D,22,14,D,22,-,52,10,9,-,D,9,D,-,4,3,97,D,9,D,D,-,D,20,532,,
Latvia,444,91,24,14,11,34,12,6,5,11,18,5,30,4,12,3,6,D,3,4,D,5,6,-,7,3,-,-,7,-,-,D,D,-,-,D,-,3,3,D,-,-,-,D,-,-,-,-,D,-,6,D,100,,
Lebanon,"3,831",320,434,103,131,77,77,133,67,181,53,57,35,39,33,56,29,41,792,26,38,45,23,21,20,18,14,30,16,72,-,6,20,5,D,5,7,10,8,7,12,5,7,21,7,6,6,6,17,D,54,11,627,,
Lesotho,14,D,-,-,D,-,-,-,-,D,-,-,-,-,-,D,-,D,-,-,-,-,-,-,-,-,-,-,-,-,-,-,-,-,-,-,-,-,-,-,-,-,-,-,-,-,-,-,-,-,-,-,7,,
Liberia,"7,641",568,15,10,402,86,63,143,178,140,327,13,42,"1,347",8,6,986,162,61,14,23,38,24,63,169,44,71,27,6,287,-,16,144,-,8,33,42,62,17,74,58,-,68,33,3,-,D,D,137,-,42,16,"1,562",,
Libya,296,32,24,6,9,7,11,13,5,3,8,3,12,4,D,3,D,3,8,D,D,5,5,6,4,4,D,-,D,D,-,D,4,-,4,D,-,D,D,D,3,-,-,8,-,-,D,-,D,D,-,D,78,,
Liechtenstein,D,-,-,D,-,-,-,-,-,-,-,-,-,-,-,-,-,-,-,-,-,-,-,-,-,-,-,-,-,-,-,-,-,-,-,-,-,-,-,-,-,-,-,-,-,-,-,-,-,-,-,-,-,,
Lithuania,"1,069",140,39,37,14,391,12,4,4,31,29,16,4,24,5,7,11,3,10,7,3,9,D,8,5,D,4,7,11,4,-,-,8,D,4,4,7,D,9,6,-,-,6,-,-,-,-,-,3,-,8,15,154,,
Luxembourg,30,6,D,D,D,D,-,-,-,D,-,-,D,-,-,D,-,-,D,-,-,D,-,-,-,-,-,-,-,-,-,-,-,-,-,-,-,-,-,-,-,-,-,-,-,-,-,-,-,-,-,5,7,,
Macau,158,20,24,-,3,6,41,D,D,5,D,4,5,-,9,-,-,4,D,D,-,-,5,D,-,-,-,-,-,D,8,-,-,-,-,-,-,-,-,D,-,-,D,-,-,-,-,-,-,-,-,-,13,,
Macedonia,"1,128",355,23,15,8,194,4,5,13,15,5,D,D,13,D,D,D,14,85,D,12,14,-,6,-,D,14,D,8,D,-,D,-,D,-,-,6,D,D,6,4,-,3,D,D,-,-,-,-,-,5,18,260,,
Madagascar,71,18,D,-,8,-,D,D,D,3,D,D,-,-,-,D,D,D,-,-,-,D,-,-,-,-,-,-,D,-,-,-,-,-,-,-,-,D,D,-,-,-,-,-,-,-,-,-,-,-,-,-,22,,
Malawi,164,8,3,D,22,6,-,-,12,D,D,3,D,D,-,6,-,D,D,-,-,D,-,-,3,D,5,-,-,-,-,-,D,-,D,-,D,7,D,-,D,-,-,-,-,-,-,-,D,-,D,3,65,,
Malaysia,"2,014",338,151,18,71,58,113,75,95,26,62,26,55,25,105,23,15,30,20,8,8,10,14,14,22,7,7,22,6,D,13,4,7,-,10,9,D,80,7,17,17,-,13,6,D,D,D,D,-,-,5,13,381,,
Maldives,6,-,-,-,-,-,-,-,-,-,-,-,-,-,-,-,-,-,-,-,-,-,-,-,-,-,-,-,-,-,-,-,-,-,-,-,-,-,-,-,-,-,-,-,-,-,-,-,-,-,-,4,2,,
Mali,576,240,4,3,36,9,10,9,D,-,22,-,3,60,D,-,3,3,D,3,D,D,-,15,12,-,11,-,-,6,-,-,8,-,-,D,D,16,-,-,-,-,D,5,-,-,-,-,D,-,D,D,80,,
Malta,58,12,3,3,-,-,7,-,D,-,-,-,D,-,D,D,D,-,D,3,D,D,-,-,-,D,-,D,-,-,-,-,-,-,D,-,-,-,-,-,D,-,-,-,-,D,-,-,-,-,-,-,15,,
Marshall Islands,48,D,3,-,D,3,D,-,D,-,D,-,3,-,-,-,D,-,-,-,-,D,-,-,-,D,-,-,-,-,3,-,D,-,-,D,-,-,-,D,-,-,-,-,-,-,-,-,D,-,-,8,14,,
Martinique,24,D,-,4,-,-,-,D,D,4,-,D,-,-,D,-,-,-,-,-,-,-,-,-,-,D,-,-,-,-,-,-,-,-,-,-,-,-,-,-,-,D,-,-,-,-,-,-,-,-,-,D,6,,
Mauritania,597,137,D,-,18,7,D,-,5,6,16,D,11,26,-,D,-,D,9,-,-,-,-,26,10,D,79,-,-,3,-,-,-,-,-,-,-,3,D,12,3,-,D,6,-,-,-,-,-,-,D,8,201,,
Mauritius,110,14,3,-,20,D,4,5,3,4,5,5,3,6,D,3,-,4,D,-,-,-,-,-,-,-,-,-,D,-,-,-,-,-,-,-,-,D,-,-,-,-,-,-,-,-,-,-,-,-,-,D,22,,
Mexico,"164,920","2,394","21,811","1,527",942,"8,732","2,725","8,643","9,322",179,"1,924","7,829","1,018",681,"1,632","8,101",610,"5,250",550,387,"2,427",517,"1,355","2,084",191,"1,030",149,"1,664",122,66,29,"2,457",497,"4,114",316,737,64,331,434,611,189,87,55,"1,510","1,785","1,592","1,070","1,645",18,"2,733",98,"4,553","46,133",,
"Micronesia, Federated States",16,D,-,-,-,-,-,D,-,-,-,-,D,-,-,-,-,-,-,-,-,-,-,-,-,-,-,-,-,-,D,-,-,-,-,-,-,-,-,-,-,-,-,-,D,-,-,-,-,-,-,D,6,,
Moldova,"2,295",184,43,40,30,77,15,8,11,29,77,20,335,40,9,10,88,21,D,23,22,24,358,25,7,136,D,3,5,D,D,D,60,-,3,3,D,D,4,D,8,-,8,D,D,D,-,-,D,D,10,26,510,,
Monaco,D,D,-,-,D,-,D,-,-,-,-,-,-,-,-,-,-,-,-,-,D,-,-,-,-,-,-,-,-,-,-,-,-,-,-,-,-,-,-,-,-,-,-,-,-,-,-,-,-,-,-,-,-,,
Mongolia,831,30,59,D,106,79,190,6,9,8,D,9,69,3,4,3,D,4,D,4,5,3,29,39,4,D,D,D,-,-,3,3,3,-,-,6,D,5,3,3,D,-,-,-,-,D,-,-,-,-,3,8,120,,
Montserrat,43,10,-,6,-,-,-,-,-,13,D,-,-,-,-,D,-,-,-,D,-,D,-,-,D,-,-,-,D,-,-,-,-,-,-,-,-,-,-,-,-,-,-,-,-,-,-,-,-,-,-,3,4,,
Morocco,"5,447","1,039",137,136,498,175,78,85,67,611,83,29,55,187,18,16,55,31,48,281,29,62,13,84,56,27,95,39,48,39,D,11,27,3,14,4,30,13,108,7,6,D,31,D,D,8,3,3,19,3,23,40,967,,
Mozambique,66,11,4,3,5,D,-,D,D,D,3,3,D,3,D,-,D,4,-,-,D,-,-,-,-,-,-,D,D,D,-,-,-,-,-,D,D,D,D,-,D,-,-,-,-,-,-,-,D,-,-,-,8,,
Namibia,53,8,-,-,4,-,D,D,D,-,D,D,3,D,-,-,-,-,D,-,D,D,-,-,-,-,-,-,-,5,-,-,D,-,-,-,-,-,-,-,-,-,-,-,-,-,-,-,-,-,-,D,19,,
Nepal,"4,514",647,119,13,536,103,235,80,404,202,110,13,62,43,77,12,50,35,37,6,19,17,56,151,123,36,14,48,28,D,3,4,5,-,5,29,50,8,46,37,28,-,6,26,5,10,3,-,5,D,11,36,917,,
Netherlands,"1,499",166,98,55,43,40,67,56,19,36,31,20,59,25,32,9,16,16,16,23,6,19,5,13,13,19,3,13,17,8,4,3,3,3,4,3,5,D,9,5,4,4,7,5,D,4,D,D,D,-,6,57,424,,
Netherlands Antilles,97,14,D,11,3,-,-,D,-,3,5,-,D,D,-,-,-,-,-,3,-,5,-,D,-,-,D,-,D,D,D,-,-,-,-,-,D,-,-,-,-,D,-,-,-,-,D,-,-,-,D,11,25,,
New Caledonia,13,-,D,D,-,-,D,-,-,-,-,D,-,-,-,D,-,-,-,-,-,-,-,-,-,-,-,-,-,-,3,-,-,-,-,-,-,-,-,-,-,-,-,-,-,-,-,-,-,-,-,-,3,,
New Zealand,947,105,64,13,30,25,54,13,19,15,22,23,25,13,18,20,5,14,5,12,15,5,9,10,4,23,7,7,5,7,19,D,5,D,4,10,D,D,5,5,4,-,D,D,6,4,D,D,-,-,D,32,251,,
Nicaragua,"4,137",194,421,"1,682",181,47,278,119,40,32,38,12,21,42,42,68,11,20,5,34,48,27,12,8,10,16,8,11,15,3,-,18,38,D,3,D,4,13,6,D,5,12,18,7,9,17,8,D,7,D,6,29,485,,
Niger,183,25,D,3,11,D,D,D,3,D,3,D,3,3,-,-,D,D,D,D,-,-,-,D,D,-,D,-,-,-,-,-,6,-,-,-,D,28,3,D,-,-,-,D,-,-,-,-,-,-,-,-,75,,
Nigeria,"15,253","2,551",616,148,"1,457",837,197,"1,383",966,329,"1,122",90,96,367,21,191,302,79,177,57,36,73,82,89,656,31,112,85,31,109,D,43,76,15,82,6,38,236,138,96,72,-,48,14,19,D,29,13,35,8,54,36,"1,901",,
Niue,D,-,-,-,-,-,-,-,-,-,-,-,-,-,-,-,-,-,-,-,-,-,-,-,-,-,-,-,-,-,-,-,-,-,-,D,-,-,-,-,-,-,-,-,-,-,-,-,-,-,-,-,-,,
Norway,407,40,34,11,17,11,24,54,14,5,5,5,11,3,3,D,3,3,-,3,4,D,D,D,-,9,D,D,6,D,D,D,4,-,-,D,3,D,D,-,-,-,D,5,-,5,-,D,-,-,D,7,99,,
Oman,74,9,D,4,4,4,D,7,5,D,3,-,4,3,D,-,D,D,D,-,-,-,-,D,-,-,-,-,-,-,-,-,-,-,D,-,-,-,-,-,-,-,-,-,-,-,D,-,-,-,-,-,15,,
Pakistan,"21,555","5,588",714,342,"1,709","1,350",508,"1,436",794,267,552,77,162,491,259,239,124,91,454,113,52,53,392,67,465,23,102,126,82,74,3,91,49,4,56,65,163,85,71,94,108,-,32,16,50,24,326,22,37,4,42,132,"3,375",,
Palau,16,-,D,-,-,-,-,-,D,-,-,-,-,-,-,-,-,-,-,-,-,-,-,D,-,-,-,-,-,-,D,-,D,-,-,-,-,-,D,D,-,-,-,-,-,-,-,-,-,-,-,D,5,,
Panama,"1,806",277,58,262,74,31,26,52,46,30,59,12,22,19,10,23,8,6,D,54,12,44,11,D,5,3,11,12,D,12,6,18,11,-,5,D,D,3,5,4,4,16,15,4,-,4,3,-,4,D,5,21,490,,
Papua New Guinea,19,D,D,-,-,-,D,-,D,-,-,D,-,D,-,-,-,-,-,-,-,-,-,-,-,-,-,-,-,D,D,-,-,-,-,-,-,-,-,-,D,-,-,-,-,-,-,-,-,-,-,-,7,,
Paraguay,530,209,16,88,29,3,D,D,4,3,6,D,12,6,D,D,-,-,-,8,-,10,D,-,D,D,-,-,12,D,-,D,9,-,-,D,D,D,D,D,-,D,-,-,-,D,-,-,-,D,3,7,80,,
Peru,"16,957","3,814","1,172","3,235","1,258",205,487,227,240,184,324,86,121,99,158,231,54,102,19,267,125,228,46,107,82,51,36,37,164,43,11,33,123,8,32,164,185,45,63,44,31,43,64,21,12,37,34,30,18,11,29,164,"2,553",,
Philippines,"60,029","4,400","9,946",521,"1,573","2,348","4,568","1,148",655,276,337,"2,606","1,528",501,"1,860","1,711",313,685,368,286,"1,809",356,899,173,397,409,84,105,134,74,"2,685",210,107,52,123,85,78,123,83,117,166,11,391,104,182,439,598,359,56,97,127,"2,097","11,669",,
Poland,"8,754","2,370",139,127,116,"2,892",70,47,43,105,62,39,68,186,30,38,25,50,131,31,56,95,27,50,35,15,13,10,113,38,10,10,21,-,9,8,305,8,8,8,17,-,16,4,4,10,-,4,52,-,44,54,"1,141",,
Portugal,946,281,22,55,28,5,20,13,5,69,3,7,8,14,17,4,3,3,4,6,3,D,5,-,D,D,D,D,20,168,D,-,4,-,-,D,15,D,D,-,-,D,D,D,3,D,5,-,6,-,D,3,125,,
Puerto Rico,D,-,-,-,-,-,-,-,-,-,-,-,-,D,-,-,-,-,-,-,-,-,-,-,-,-,-,-,-,-,-,-,-,-,-,-,-,-,-,-,-,-,-,-,-,-,-,-,-,-,-,-,-,,
Qatar,134,8,4,7,9,11,D,11,5,3,3,-,4,-,D,D,D,D,6,3,-,-,-,-,D,-,D,-,-,-,-,D,D,-,D,-,-,-,-,6,-,-,D,-,D,-,-,-,D,-,-,-,35,,
Reunion,4,-,D,D,D,-,-,-,-,-,-,-,-,-,-,-,-,-,-,-,-,-,-,-,-,-,-,-,-,-,-,-,-,-,-,-,-,-,-,-,-,-,-,-,-,-,-,-,-,-,-,-,-,,
Romania,"4,910",500,312,243,152,450,88,62,83,100,202,46,203,92,49,64,24,130,232,39,59,43,82,36,35,129,12,22,25,12,3,6,15,7,25,5,24,13,16,8,12,3,26,7,6,14,D,D,17,8,88,74,"1,003",,
Russia,"8,238","1,257",392,162,343,306,251,145,107,283,119,118,421,210,166,36,151,65,77,47,36,55,210,146,78,182,41,30,46,25,9,17,33,6,42,31,52,38,28,30,63,4,37,23,7,20,5,6,19,3,47,90,"2,123",,
Rwanda,952,19,3,-,14,37,D,41,56,17,36,15,19,3,3,3,D,56,D,D,3,-,D,20,4,11,13,5,-,3,-,11,D,-,20,29,10,3,10,5,7,-,11,21,-,-,-,D,4,-,5,3,420,,
Saint Helena,D,-,-,-,-,-,-,-,-,-,D,-,-,-,-,-,-,-,-,-,-,-,-,-,-,-,-,-,-,-,-,-,-,-,-,-,-,-,-,-,-,-,-,-,-,-,-,-,-,-,-,D,-,,
Saint Kitts-Nevis,310,91,D,32,5,-,-,D,3,6,7,-,D,6,-,-,D,-,-,9,-,7,-,D,D,-,D,-,D,-,D,-,D,-,D,-,4,D,-,-,D,8,-,-,-,-,-,-,-,-,-,88,27,,
Saint Lucia,"1,027",498,9,56,23,5,D,30,3,26,27,-,4,13,-,D,D,-,D,28,-,10,-,D,5,-,D,-,14,D,-,D,D,-,-,D,49,-,3,-,D,3,D,-,-,-,-,-,D,-,D,101,101,,
Saint Vincent and the Grenadines,591,378,8,26,12,D,-,7,D,15,12,D,D,25,D,D,-,-,D,5,D,3,-,-,6,-,-,-,3,-,-,-,7,-,4,D,4,D,D,-,-,-,D,-,-,-,D,-,D,-,-,11,48,,
Samoa,250,-,22,-,-,-,14,-,D,-,D,8,37,-,7,16,-,D,-,-,3,-,4,-,D,5,-,-,-,-,40,D,-,D,-,22,-,-,-,3,-,-,-,-,-,D,D,D,-,-,-,-,56,,
Sao Tome and Principe,11,-,D,D,-,-,-,-,-,D,-,D,-,-,-,-,-,-,-,-,-,-,-,-,-,-,-,-,-,4,-,-,-,-,-,-,-,-,-,-,-,-,-,-,-,-,-,-,-,-,-,-,1,,
Saudi Arabia,"1,418",160,75,22,109,88,61,79,63,22,24,16,37,26,24,15,24,15,43,10,8,13,9,17,9,18,20,3,D,D,-,D,6,5,6,9,11,D,6,21,5,-,3,6,5,D,4,D,4,5,14,7,281,,
Senegal,"1,524",400,31,7,126,15,15,34,18,29,99,11,18,38,D,D,7,7,23,3,10,9,-,19,34,D,66,5,D,50,-,-,16,-,8,-,D,32,20,5,8,-,7,D,D,D,-,-,6,-,3,4,331,,
Serbia and Montenegro1,"3,166",907,77,71,106,366,31,49,67,45,49,64,43,63,37,14,12,55,147,9,30,39,13,22,9,7,9,13,33,15,D,4,12,-,11,8,18,-,3,9,28,-,20,4,-,3,D,-,13,-,28,17,582,,
Seychelles,10,-,D,D,-,-,-,D,-,-,D,-,-,-,-,-,-,-,-,-,-,-,-,-,D,-,-,-,-,-,-,-,-,-,-,-,-,-,-,-,-,-,-,-,-,-,-,-,-,-,-,-,2,,
Sierra Leone,"2,687",504,35,6,754,22,14,40,62,62,111,D,29,288,36,10,45,40,8,5,6,11,17,16,47,5,108,5,D,11,-,5,9,-,6,4,6,14,18,8,13,-,12,4,-,D,9,-,4,-,6,-,267,,
Singapore,832,98,81,8,29,33,72,39,16,32,6,13,35,12,70,8,7,7,6,4,12,4,5,4,7,9,D,4,6,D,10,D,D,-,-,D,D,4,5,D,D,-,-,D,D,3,-,D,D,-,4,6,157,,
Slovakia,706,201,23,20,17,42,11,8,10,14,18,9,10,10,6,-,7,10,4,7,5,8,3,9,6,6,D,D,13,3,-,4,D,-,3,5,-,-,7,-,D,D,5,D,D,-,-,-,D,D,5,17,166,,
Slovenia,108,16,6,5,3,8,3,D,D,4,3,-,D,D,7,-,-,-,D,3,-,D,D,D,3,D,-,-,-,-,-,-,-,-,-,D,-,-,-,-,3,-,D,-,-,D,-,-,-,-,D,4,24,,
Solomon Islands,D,-,-,-,-,-,-,-,-,-,-,-,-,-,-,D,-,-,-,-,-,-,-,-,-,-,-,-,-,-,-,-,-,-,-,-,-,-,-,-,-,-,-,-,-,-,-,-,-,-,-,-,1,,
Somalia,"13,390",16,54,-,158,176,17,59,161,206,228,374,"1,209",6,65,D,"3,064",356,5,-,15,D,D,222,25,266,"1,430",D,D,-,D,14,31,D,235,154,16,52,28,178,106,-,3,152,-,-,D,D,21,-,29,91,"4,155",,
South Africa,"3,171",290,212,150,98,87,67,92,111,69,130,100,79,63,34,33,32,49,26,37,26,47,25,33,30,16,8,20,32,D,7,15,40,D,29,21,8,14,25,20,19,-,22,10,D,10,7,-,7,-,17,86,812,,
"Soviet Union, former","5,911","1,098",372,217,218,235,189,82,94,197,96,87,185,117,68,31,70,55,35,87,54,63,119,66,57,79,28,29,33,25,8,13,23,6,14,24,22,17,25,23,17,D,29,21,6,D,3,4,3,3,31,88,"1,441",,
Spain,"1,769",264,122,334,63,64,53,56,28,45,21,17,25,30,29,11,6,13,9,15,12,19,3,12,13,7,D,14,9,9,5,8,5,3,D,3,7,9,3,4,13,44,4,D,3,15,-,D,D,3,-,8,321,,
Sri Lanka,"2,009",517,300,29,131,53,49,47,34,37,23,13,19,29,45,22,18,13,19,10,33,16,17,6,28,14,17,25,7,6,4,4,6,-,9,D,10,8,9,10,3,-,D,3,D,10,-,D,3,-,6,8,333,,
Sudan,"3,577",139,23,19,298,69,31,103,154,57,82,54,63,51,29,9,68,114,17,16,23,14,6,73,35,12,15,15,-,D,-,19,16,-,107,81,24,7,9,64,D,-,49,51,D,-,3,-,D,-,6,9,"1,538",,
Suriname,227,105,6,22,9,D,3,3,D,7,4,-,-,6,-,-,D,-,-,10,D,D,-,-,D,D,-,D,D,-,-,-,4,D,D,-,-,-,D,-,D,-,D,-,-,-,-,-,-,-,-,D,32,,
Swaziland,42,-,D,D,D,D,-,-,-,-,-,-,D,-,D,-,D,D,-,-,D,-,D,-,-,-,-,-,D,-,5,-,-,-,-,-,D,D,-,-,-,-,-,-,-,-,-,-,-,-,-,-,16,,
Sweden,"1,138",177,105,52,39,27,47,26,25,28,23,34,40,29,42,10,13,14,10,11,7,17,9,10,5,4,7,5,14,D,8,D,5,D,D,7,D,D,14,3,6,D,3,10,4,9,-,D,-,-,6,10,209,,
Switzerland,798,133,83,43,31,19,32,21,27,29,5,16,17,6,15,6,D,9,D,4,4,6,5,6,D,7,3,5,10,-,7,-,D,-,D,3,3,D,D,D,5,D,D,3,D,3,D,-,-,-,6,15,193,,
Syria,"2,442",266,373,41,48,245,32,63,24,42,23,32,26,31,16,109,17,43,122,11,11,20,19,17,15,15,16,3,11,17,-,3,10,-,3,D,D,24,16,10,7,D,46,4,5,10,D,3,10,D,51,11,512,,
Taiwan,"8,038",983,"2,002",60,311,163,581,231,193,179,91,131,282,94,663,198,28,59,63,31,38,25,69,50,43,84,35,57,12,16,44,27,20,17,7,21,19,13,31,14,36,D,4,14,9,26,6,D,9,D,14,65,866,,
Tajikistan,265,84,6,3,15,D,D,3,D,6,6,D,6,6,-,D,7,D,-,4,D,D,8,25,-,D,-,-,D,D,-,-,-,-,-,-,D,-,-,3,-,-,-,-,-,-,-,-,-,D,D,D,60,,
Tanzania,"2,773",90,22,13,98,84,15,172,154,47,178,47,86,12,8,4,22,119,3,6,9,6,D,29,16,26,26,14,D,D,-,35,-,-,41,90,10,9,11,19,50,-,47,30,-,D,D,-,26,-,20,8,"1,064",,
Thailand,"10,444",296,947,154,301,269,216,153,297,136,305,222,236,72,72,147,512,261,47,38,167,86,110,138,42,195,20,82,D,34,52,52,20,D,99,180,62,29,50,64,44,-,63,22,61,29,14,40,16,-,26,134,"3,817",,
Togo,"1,680",311,13,5,272,71,D,11,36,24,99,3,11,34,3,D,135,18,D,-,5,12,D,16,24,8,5,5,4,4,D,7,14,-,5,18,9,11,12,11,22,-,4,14,-,-,-,-,D,D,8,12,396,,
Tonga,379,-,30,D,-,D,86,-,7,D,-,D,12,-,35,12,D,9,-,-,D,-,16,-,-,12,-,D,-,-,43,-,D,-,-,31,-,-,-,-,-,-,-,-,D,-,D,-,-,-,-,5,67,,
Trinidad and Tobago,"6,256","3,380",53,675,206,27,15,151,32,118,176,11,8,153,6,20,17,18,6,133,5,84,3,10,116,4,7,10,23,14,4,D,26,-,8,D,16,22,8,D,8,D,22,D,-,D,-,-,5,-,8,48,590,,
Tunisia,416,78,22,17,32,18,18,12,D,7,11,5,4,13,5,D,3,3,8,11,5,9,D,6,4,-,-,6,D,D,D,D,D,-,3,-,3,7,-,D,-,-,D,D,-,D,-,-,D,-,D,3,83,,
Turkey,"4,958","1,308",313,215,252,148,156,149,70,132,107,73,82,232,76,21,25,34,21,30,27,48,16,22,56,19,24,37,32,D,5,20,18,4,24,4,29,16,33,12,22,D,28,13,4,6,4,7,8,D,26,30,914,,
Turkmenistan,290,57,21,9,13,14,11,4,5,3,3,4,7,11,D,D,-,-,6,D,3,-,8,-,D,D,-,-,D,-,-,D,-,-,-,12,D,D,-,D,-,-,D,-,D,-,-,-,5,-,D,-,77,,
Turks and Caicos Islands,31,D,-,22,-,-,-,-,D,-,3,-,-,-,-,-,-,-,-,-,-,-,-,-,-,-,-,-,-,-,-,-,-,-,-,-,-,-,-,-,-,-,-,-,-,-,-,-,-,-,-,-,3,,
Tuvalu,D,-,-,-,-,-,-,-,-,-,-,-,-,-,-,-,-,-,-,-,-,-,-,-,-,-,-,-,-,-,D,-,-,-,-,-,-,-,-,-,-,-,-,-,-,-,-,-,-,-,-,D,-,,
U.S. Virgin Islands,3,-,-,-,-,-,-,-,-,-,-,-,-,-,-,-,-,-,-,D,-,-,-,-,-,-,-,-,-,-,-,-,-,-,-,-,-,-,-,-,-,-,-,-,-,-,-,-,-,-,-,D,-,,
Uganda,"1,364",53,100,6,105,75,16,19,41,221,45,40,59,21,6,14,28,7,12,7,5,4,5,41,17,5,21,D,8,4,-,10,3,-,4,4,15,9,4,4,4,-,D,5,D,D,-,-,18,-,D,4,289,,
Ukraine,"11,223","1,828",329,142,156,733,174,73,84,163,111,78,"1,043",388,88,38,141,62,212,52,39,55,935,139,55,739,37,20,66,12,3,20,65,5,17,51,62,45,32,38,40,D,56,23,26,8,3,D,12,3,185,114,"2,419",,
United Arab Emirates,697,95,39,16,51,33,22,45,25,13,26,10,16,19,13,13,8,8,24,8,-,D,D,D,7,D,3,8,6,4,-,3,6,-,4,-,6,8,7,7,4,-,D,-,D,-,-,D,D,-,3,D,123,,
United Kingdom,"15,748","2,109","1,058",466,484,440,562,639,310,458,387,207,388,346,183,149,160,156,174,367,105,244,119,156,115,128,65,170,249,45,32,39,101,7,60,37,61,76,162,58,68,D,56,38,12,72,21,21,62,D,55,306,"3,958",,
United States,181,26,10,19,20,3,4,7,7,5,3,D,D,D,D,4,D,D,3,5,D,D,-,D,-,D,-,D,-,-,D,D,D,3,-,D,D,-,-,D,D,-,-,-,-,D,D,-,D,D,-,-,32,,
Uruguay,"1,775",412,50,522,58,16,8,21,13,20,92,8,6,9,D,8,7,4,D,24,8,30,D,D,6,D,3,D,24,D,4,D,13,-,6,18,8,3,3,D,D,11,D,D,D,-,-,-,75,-,D,10,254,,
Uzbekistan,"5,467","2,141",134,39,122,117,73,54,49,26,87,56,177,219,13,11,11,29,22,48,5,11,43,82,95,102,28,16,4,8,7,4,7,D,41,43,37,15,6,13,50,-,23,48,-,D,D,-,D,-,79,23,"1,244",,
Vanuatu,6,-,D,-,-,-,-,-,-,-,-,-,-,-,D,-,-,-,-,-,-,-,-,-,-,-,-,-,-,-,-,-,-,-,-,-,-,-,-,-,-,-,-,-,-,-,-,-,-,-,-,D,2,,
Venezuela,"11,154",703,176,"4,955",212,96,45,811,151,115,256,45,50,57,19,31,24,52,25,773,31,249,12,40,22,18,24,39,56,34,D,24,49,10,28,86,20,42,39,27,29,181,39,6,3,6,D,27,15,14,5,28,"1,350",,
Vietnam,"29,234",487,"4,998",190,"1,105",441,992,"1,702","1,235",698,865,746,"1,336",666,"2,356",324,454,311,138,277,167,274,432,363,102,576,59,155,45,28,187,94,355,8,68,160,75,48,195,153,151,6,77,74,25,63,127,18,119,5,43,119,"5,542",,
Western Sahara,D,-,-,-,-,-,-,-,-,-,-,-,D,-,-,-,-,-,-,-,-,-,-,-,-,-,-,-,-,-,-,-,-,-,-,-,-,-,-,-,-,-,-,-,-,-,-,-,-,-,-,-,1,,
Yemen,"3,134","1,039",22,4,17,92,297,9,5,5,5,12,33,21,8,8,22,9,753,9,D,-,D,D,3,3,12,D,-,-,-,-,-,-,10,4,25,D,11,-,5,-,-,3,46,-,34,29,-,-,12,37,524,,
Zambia,704,65,18,13,36,48,6,10,69,9,66,9,17,15,4,D,13,18,3,11,D,4,D,6,7,3,D,4,5,-,-,5,6,D,3,D,D,12,-,6,8,-,4,3,-,-,-,-,D,-,10,4,170,,
Zimbabwe,983,60,19,18,67,17,11,19,136,20,46,11,12,24,5,16,7,7,6,7,D,9,3,8,6,10,15,13,4,4,D,D,4,-,10,D,-,49,13,3,7,-,D,-,D,3,3,D,5,-,4,14,279,,
Unknown,"1,366",172,75,96,47,120,56,40,38,22,33,12,23,27,11,23,15,8,14,10,9,14,15,8,3,6,17,3,3,3,1,4,4,2,7,2,2,20,9,6,12,6,4,5,3,4,1,4,3,2,9,9,324,,
D Data withheld to limit disclosure.,,,,,,,,,,,,,,,,,,,,,,,,,,,,,,,,,,,,,,,,,,,,,,,,,,,,,,,
"1 Yugoslavia (unknown republic) prior to February 7, 2003.",,,,,,,,,,,,,,,,,,,,,,,,,,,,,,,,,,,,,,,,,,,,,,,,,,,,,,,
-  Represents zero.,,,,,,,,,,,,,,,,,,,,,,,,,,,,,,,,,,,,,,,,,,,,,,,,,,,,,,,
"Note: Beginning in 2005, the Office of Immigration Statistics redefined metropolitan areas (Primary Metropolitan Statistical Areas) to conform with new standards issued by the U.S. Office of Management and Budget (OMB) for core-based statistical areas (CBSAs). See Federal Register, Volume 65, Number 249, Wednesday 12/27/2000, available at http://www.whitehouse.gov/omb/fedreg/metroareas122700.pdf. The most current CBSA definitions are available from OMB at: http://www.whitehouse.gov/omb/inforeg/statpolicy.html#fs.",,,,,,,,,,,,,,,,,,,,,,,,,,,,,,,,,,,,,,,,,,,,,,,,,,,,,,,
,,,,,,,,,,,,,,,,,,,,,,,,,,,,,,,,,,,,,,,,,,,,,,,,,,,,,,,
,,,,,,,,,,,,,,,,,,,,,,,,,,,,,,,,,,,,,,,,,,,,,,,,,,,,,,,
,,,,,,,,,,,,,,,,,,,,,,,,,,,,,,,,,,,,,,,,,,,,,,,,,,,,,,,
Source: U.S. Department of Homeland Security,,,,,,,,,,,,,,,,,,,,,,,,,,,,,,,,,,,,,,,,,,,,,,,,,,,,,,,
,,,,,,,,,,,,,,,,,,,,,,,,,,,,,,,,,,,,,,,,,,,,,,,,,,,,,,,
,,,,,,,,,,,,,,,,,,,,,,,,,,,,,,,,,,,,,,,,,,,,,,,,,,,,,,,
,,,,,,,,,,,,,,,,,,,,,,,,,,,,,,,,,,,,,,,,,,,,,,,,,,,,,,,
,,,,,,,,,,,,,,,,,,,,,,,,,,,,,,,,,,,,,,,,,,,,,,,,,,,,,,,