Supplemental Table 2.,,,,,,,,,,,,,,,,,,,,,,,,,,,,,,,,,,,,,,,,,,,,,,,,,,,,,
PERSONS OBTAINING LAWFUL PERMANENT RESIDENT STATUS BY LEADING CORE BASED STATISTICAL AREAS (CBSA) OF RESIDENCE AND REGION AND COUNTRY OF BIRTH: FISCAL YEAR 2020,,,,,,,,,,,,,,,,,,,,,,,,,,,,,,,,,,,,,,,,,,,,,,,,,,,,,
,,,,,,,,,,,,,,,,,,,,,,,,,,,,,,,,,,,,,,,,,,,,,,,,,,,,,
Region and country of birth,Total,"New York-Newark-Jersey City, NY-NJ-PA","Los Angeles-Long Beach-Anaheim, CA","Miami-Fort Lauderdale-Pompano Beach, FL","San Francisco-Oakland-Berkeley, CA","Houston-The Woodlands-Sugar Land, TX","Chicago-Naperville-Elgin, IL-IN-WI","Washington-Arlington-Alexandria, DC-VA-MD-WV","Dallas-Fort Worth-Arlington, TX","Boston-Cambridge-Newton, MA-NH","Seattle-Tacoma-Bellevue, WA","San Jose-Sunnyvale-Santa Clara, CA","Atlanta-Sandy Springs-Alpharetta, GA","Philadelphia-Camden-Wilmington, PA-NJ-DE-MD","Detroit-Warren-Dearborn, MI","Phoenix-Mesa-Chandler, AZ","San Diego-Chula Vista-Carlsbad, CA","Riverside-San Bernardino-Ontario, CA","Orlando-Kissimmee-Sanford, FL","Minneapolis-Saint Paul-Bloomington, MN-WI","Sacramento-Roseville-Folsom, CA","Austin-Round Rock-Georgetown, TX","Denver-Aurora-Lakewood, CO","Tampa-Saint Petersburg-Clearwater, FL","Las Vegas-Henderson-Paradise, NV","Portland-Vancouver-Hillsboro, OR-WA","Baltimore-Columbia-Towson, MD","San Antonio-New Braunfels, TX","Charlotte-Concord-Gastonia, NC-SC","Columbus, OH","Raleigh-Cary, NC","Indianapolis-Carmel-Anderson, IN","Nashville-Davidson--Murfreesboro--Franklin, TN","Kansas City, MO-KS","Salt Lake City, UT","Bridgeport-Stamford-Norwalk, CT","Providence-Warwick, RI-MA","Saint Louis, MO-IL","Cincinnati, OH-KY-IN","Cleveland-Elyria, OH","Hartford-East Hartford-Middletown, CT","El Paso, TX","McAllen-Edinburg-Mission, TX","Stockton, CA","Jacksonville, FL","Worcester, MA-CT","Pittsburgh, PA","Urban Honolulu, HI","Milwaukee-Waukesha, WI","Louisville/Jefferson County, KY-IN","Fresno, CA",Non-CBSA,Other & Unknown
REGION,,,,,,,,,,,,,,,,,,,,,,,,,,,,,,,,,,,,,,,,,,,,,,,,,,,,,
Total,"707,362","99,746","51,429","39,318","27,376","26,861","25,043","24,693","22,462","17,695","17,347","16,703","14,803","11,882","9,738","9,150","9,109","9,107","8,481","8,106","7,982","6,249","6,169","6,167","5,826","5,481","5,366","4,637","4,607","4,486","3,682","3,660","3,388","3,316","3,235","3,051","3,039","2,921","2,878","2,645","2,502","2,485","2,342","2,231","2,197","2,175","2,082","2,039","2,026","2,017","2,009","7,978","137,445"
Africa,"76,649","7,589","1,672",503,"1,197","3,087","2,047","5,507","3,483","2,294","1,884",409,"2,974","1,978",461,"1,361",422,456,635,"2,900",272,481,"1,125",417,459,494,"1,530",375,612,"1,805",592,"1,082","1,001",943,477,173,754,471,797,410,271,D,D,82,243,459,269,D,229,711,45,604,"18,498"
Asia,"272,597","35,577","27,308","2,807","15,239","9,567","9,820","10,372","9,219","5,979","9,288","11,696","5,877","5,088","6,052","2,807","4,022","3,464","1,747","2,757","5,267","2,569","2,160","1,487","2,059","2,436","2,241","1,651","1,656","1,769","1,633","1,436","1,123","1,055",824,725,505,"1,460","1,330","1,154",988,158,94,"1,290",787,712,"1,163","1,706","1,038",544,876,"2,997","47,018"
Europe,"68,994","11,828","3,992","3,092","3,300","1,558","5,151","1,659","1,027","2,278","3,086","1,895",992,"1,477","1,192",660,783,285,540,611,"1,263",627,592,805,511,"1,099",371,180,500,290,372,175,218,144,223,559,222,346,247,535,304,38,D,53,373,D,264,98,201,57,68,551,"12,048"
North America,"222,272","32,349","16,119","20,449","5,986","10,203","6,455","5,271","7,506","4,964","2,242","2,154","3,455","2,538","1,257","3,916","3,468","4,495","2,662","1,318",952,"2,092","1,877","2,486","2,391","1,163",939,"2,222","1,356",431,787,742,812,946,"1,064",927,"1,250",411,373,405,632,"2,202","2,102",752,521,427,234,70,442,639,979,"3,445","49,394"
Oceania,"3,998",483,432,41,329,84,101,65,67,62,264,101,55,53,50,58,D,62,31,27,120,34,60,24,D,54,D,11,12,6,21,16,D,12,D,D,D,13,D,D,D,D,-,D,12,D,13,69,7,D,D,56,786
South America,"62,219","11,855","1,871","12,397","1,309","2,338","1,379","1,798","1,145","2,114",580,445,"1,439",730,715,344,344,331,"2,856",487,108,440,349,938,373,228,267,194,466,176,272,206,209,210,569,644,300,201,116,129,298,43,81,30,261,345,136,65,101,59,32,316,"9,580"
Unknown,633,65,35,29,16,24,90,21,15,4,3,3,11,18,11,4,D,14,10,6,-,6,6,10,D,7,D,4,5,9,5,3,D,6,D,D,D,19,D,D,D,D,-,D,-,-,3,D,8,D,D,9,121
COUNTRY,,,,,,,,,,,,,,,,,,,,,,,,,,,,,,,,,,,,,,,,,,,,,,,,,,,,,
Total,"707,362","99,746","51,429","39,318","27,376","26,861","25,043","24,693","22,462","17,695","17,347","16,703","14,803","11,882","9,738","9,150","9,109","9,107","8,481","8,106","7,982","6,249","6,169","6,167","5,826","5,481","5,366","4,637","4,607","4,486","3,682","3,660","3,388","3,316","3,235","3,051","3,039","2,921","2,878","2,645","2,502","2,485","2,342","2,231","2,197","2,175","2,082","2,039","2,026","2,017","2,009","7,978","137,445"
Afghanistan,"11,407",208,254,9,591,435,111,"1,726",450,24,655,61,161,108,21,103,349,42,D,58,"2,413",255,224,16,33,80,109,622,18,21,52,24,32,23,55,-,D,102,10,84,14,D,-,98,46,14,24,-,6,15,8,37,"1,601"
Albania,"3,508","1,055",19,28,13,19,224,52,26,299,22,D,8,247,424,17,12,D,8,3,11,4,D,131,25,3,8,8,4,17,D,6,4,-,D,23,5,42,D,72,60,D,D,-,104,93,D,D,42,-,-,11,343
Algeria,"1,581",218,33,13,124,63,158,30,27,43,12,4,20,148,12,5,3,16,7,9,11,33,37,D,D,7,3,19,4,157,9,46,D,105,-,-,-,D,11,9,13,-,D,-,-,D,19,-,3,5,-,7,128
American Samoa,D,-,-,-,-,-,-,-,-,-,-,-,-,-,-,D,-,-,-,-,-,-,-,-,-,-,-,-,-,-,-,-,-,-,-,-,-,-,-,-,-,-,-,-,-,-,-,-,-,-,-,-,-
Andorra,D,D,-,D,-,-,-,-,-,D,-,D,-,-,-,-,-,-,-,-,-,-,-,-,-,-,-,-,-,-,-,-,-,-,-,-,-,-,-,-,-,-,-,-,-,-,-,-,-,-,-,-,-
Angola,181,14,4,6,4,34,D,6,10,10,3,-,D,3,-,D,D,-,-,-,-,D,-,8,-,-,-,-,3,D,3,-,6,-,-,-,9,-,D,-,D,-,-,-,-,D,-,-,D,5,-,8,33
Anguilla,11,D,-,D,-,-,-,D,-,-,-,-,-,D,-,-,-,-,3,-,-,-,-,-,-,-,-,-,-,-,-,-,-,-,-,-,-,-,-,-,-,-,-,-,D,-,-,-,-,-,-,-,D
Antigua and Barbuda,190,87,D,10,-,7,D,D,6,D,-,-,9,12,-,-,-,-,3,D,-,-,-,5,-,-,D,-,D,-,-,-,D,-,-,D,D,-,-,D,D,-,-,-,D,-,-,-,-,-,-,7,24
Argentina,"2,970",335,136,923,105,140,83,98,85,28,49,39,37,29,8,15,18,32,51,16,13,11,23,35,17,17,3,5,13,11,10,4,6,10,30,32,D,24,-,5,8,4,D,D,-,D,14,D,9,4,5,15,407
Armenia,"2,145",138,"1,587",11,23,5,9,9,4,45,16,24,D,3,-,D,D,10,D,-,58,D,12,3,35,9,D,-,4,-,-,-,D,-,6,-,D,-,5,4,3,-,-,-,-,-,D,D,D,D,41,D,63
Aruba,22,3,D,4,-,3,-,-,-,D,-,-,D,-,-,-,-,-,5,-,-,-,-,-,-,-,-,-,-,-,-,-,-,-,-,-,-,-,-,-,-,-,-,-,-,-,-,D,-,-,-,D,D
Australia,"2,523",393,316,33,183,70,73,40,42,53,144,61,46,43,45,35,49,21,23,14,10,24,45,19,21,24,11,6,9,6,13,9,18,5,18,19,5,11,9,D,8,D,-,4,10,D,12,16,6,4,4,34,455
Austria,311,46,42,10,30,7,7,14,6,7,6,13,11,4,D,6,10,D,3,D,3,D,3,-,D,-,D,D,3,D,D,-,D,-,3,3,-,-,-,-,-,-,D,-,-,-,3,D,D,-,-,D,51
Azerbaijan,814,170,83,23,6,62,34,66,8,51,29,43,9,11,3,D,3,D,7,6,17,4,D,D,3,5,10,4,13,5,D,D,D,4,7,D,D,7,D,3,3,D,-,D,D,3,8,-,-,-,-,6,80
Bahamas,614,32,D,251,3,11,D,6,12,6,-,-,35,7,-,D,-,-,29,4,-,4,-,19,4,D,D,-,3,4,3,3,7,D,-,5,-,3,D,8,D,-,-,-,8,-,D,D,4,-,-,5,125
Bahrain,127,14,5,D,6,12,5,5,D,4,7,4,D,D,D,D,D,D,5,3,D,D,-,D,-,3,D,D,D,-,-,-,-,-,-,D,-,-,-,-,-,D,-,-,D,-,D,-,-,-,-,-,25
Bangladesh,"9,272","4,268",276,162,45,133,78,570,227,134,79,81,231,322,804,35,20,48,56,71,19,52,22,32,4,68,53,7,14,34,43,41,9,26,D,42,D,39,11,11,36,-,D,8,-,4,8,-,9,D,D,36,996
Barbados,226,92,D,15,3,-,D,6,D,16,D,-,10,4,-,D,D,-,11,D,-,-,-,3,-,D,D,D,D,-,-,-,-,-,D,3,D,4,-,-,3,-,-,-,4,-,D,-,-,-,-,-,35
Belarus,"1,723",269,105,76,90,16,154,35,18,37,90,76,36,97,4,6,15,6,8,41,77,19,37,18,4,12,6,D,28,3,19,5,-,D,D,6,3,9,3,11,10,-,D,-,6,4,13,D,11,-,D,5,226
Belgium,629,92,28,43,49,24,15,25,14,17,21,24,10,17,5,5,7,-,7,8,-,7,6,7,3,4,6,-,6,-,4,5,7,D,3,8,D,D,12,D,-,D,-,D,-,D,D,3,-,-,D,13,113
Belize,475,66,103,10,6,23,64,13,18,5,3,-,6,D,4,8,D,9,5,D,-,-,D,7,8,3,D,D,7,-,-,D,D,D,D,-,-,-,D,D,-,D,D,-,4,D,-,-,-,-,-,D,82
Benin,450,46,3,D,D,9,27,53,12,-,9,-,3,15,D,D,-,-,-,6,D,-,14,D,-,-,3,3,5,15,4,14,-,5,-,D,-,D,6,-,D,D,-,-,-,-,-,D,-,-,-,D,181
Bermuda,67,15,D,4,-,3,D,D,D,D,-,D,7,-,D,-,-,-,3,D,-,D,-,-,-,-,-,-,-,-,-,-,-,-,-,4,D,-,-,-,D,-,-,-,-,-,-,-,-,-,-,-,16
Bhutan,"1,091",25,-,D,D,8,16,-,32,-,6,-,40,18,-,3,-,-,-,15,-,3,21,D,3,19,9,3,18,107,D,D,27,8,6,-,-,7,47,34,-,-,-,-,D,11,88,-,-,36,-,-,473
Bolivia,976,68,45,76,13,31,21,333,26,16,9,9,6,6,D,D,5,3,7,4,D,11,3,11,5,-,12,D,8,-,D,D,D,D,5,7,14,D,-,D,D,D,D,-,10,D,4,-,4,D,D,7,173
Bosnia and Herzegovina,477,48,13,11,12,6,45,6,17,17,10,10,17,D,11,20,D,D,D,D,D,D,9,5,6,3,D,3,5,3,-,-,D,D,8,D,-,30,D,D,3,-,-,-,6,-,D,D,3,6,D,4,114
Botswana,43,11,D,-,D,-,D,4,D,D,-,D,D,D,-,-,-,-,-,-,-,D,-,-,-,-,D,D,-,-,-,-,-,-,-,-,-,-,-,-,-,-,-,-,3,-,-,D,-,-,-,-,11
Brazil,"16,746","1,670",620,"2,364",586,382,354,283,355,"1,386",235,198,511,267,606,83,183,73,"1,172",108,23,198,80,210,89,84,65,36,137,45,96,45,55,69,141,248,142,97,45,52,49,3,5,7,107,215,38,33,21,17,14,93,"2,751"
Brunei,11,-,D,-,-,D,-,D,-,-,-,D,-,-,-,-,-,-,-,-,-,-,-,-,-,D,-,-,-,-,-,-,-,-,-,-,-,D,D,-,-,-,-,-,-,-,-,-,-,-,-,-,3
Bulgaria,"1,118",106,33,50,38,14,196,34,9,38,20,20,32,15,10,19,19,D,9,3,13,8,19,23,32,8,13,4,4,4,D,3,D,-,6,3,6,13,3,D,D,-,-,-,4,-,D,5,4,D,-,18,250
Burkina Faso,465,214,3,D,D,24,7,19,4,3,15,-,7,27,D,D,-,D,D,D,-,-,7,-,-,-,4,D,D,7,-,4,4,3,3,-,-,D,12,5,-,D,-,-,D,D,D,D,D,D,-,D,70
Burma,"4,000",122,117,12,237,98,191,32,196,21,52,21,186,18,4,64,10,D,5,183,4,17,48,13,5,65,44,26,64,21,10,311,42,61,32,6,D,5,10,D,3,-,-,13,29,4,13,3,221,26,5,25,"1,300"
Burundi,"1,099",5,D,-,-,17,D,10,87,6,13,D,25,6,-,61,9,-,D,27,-,14,9,13,-,3,16,23,D,10,14,15,13,14,32,-,19,D,18,13,7,-,-,-,-,-,9,-,D,26,-,-,557
Cabo Verde,995,8,-,3,D,-,-,D,-,630,-,-,D,D,-,-,-,-,D,D,-,-,-,-,-,-,D,-,-,-,-,D,D,-,-,D,289,-,-,-,-,-,-,-,-,-,-,-,-,-,-,4,47
Cambodia,"1,593",29,232,3,32,44,17,54,21,177,114,36,49,58,D,16,26,52,4,63,11,9,8,3,10,19,D,13,20,10,3,3,-,6,14,4,27,4,11,-,3,-,-,23,5,9,-,D,D,8,9,26,303
Cameroon,"2,842",105,49,5,27,141,60,766,114,76,25,17,143,49,37,45,7,6,5,134,D,33,12,11,12,15,128,16,31,94,4,27,6,23,8,3,9,8,23,10,3,D,5,-,6,21,5,D,10,5,D,11,487
Canada,"9,526",931,599,313,594,392,257,147,234,285,553,327,147,105,231,218,120,85,111,96,56,83,112,87,75,91,36,30,73,56,66,29,80,40,44,34,25,65,42,45,24,D,D,11,37,11,70,26,23,19,13,124,"2,247"
Cayman Islands,50,4,5,12,D,-,-,-,-,-,-,-,3,-,-,-,-,-,-,-,-,D,-,D,D,-,D,-,-,-,-,-,D,-,D,4,-,-,-,-,D,-,-,-,D,-,-,-,-,-,-,-,11
Central African Republic,148,4,-,D,-,3,7,9,6,-,6,-,11,3,D,-,3,-,-,D,D,D,5,D,-,4,D,-,-,D,D,D,-,D,11,-,-,-,D,3,-,-,-,-,3,4,-,-,-,-,-,-,52
Chad,111,9,-,-,D,3,D,4,5,-,4,-,4,D,-,-,7,D,D,-,-,-,-,-,-,-,3,D,D,3,-,-,-,D,5,-,-,-,D,-,-,-,-,-,3,3,-,-,-,D,-,D,45
Chile,"1,520",148,64,257,40,42,41,44,33,44,51,24,31,37,D,15,12,10,18,13,6,9,18,7,19,7,16,6,13,-,16,4,10,9,35,11,D,D,D,3,5,-,7,D,-,5,5,4,3,3,D,17,347
"China, People's Republic","41,483","8,199","5,952",336,"4,435",969,"1,254",924,749,"1,410","1,925","2,827",579,788,362,277,457,941,143,236,343,232,218,131,368,316,262,66,111,149,186,100,61,107,90,84,74,200,119,111,78,13,5,60,21,77,175,377,66,26,32,182,"4,280"
Colombia,"11,989","2,159",312,"2,696",158,557,282,253,237,372,87,60,314,154,28,67,43,78,475,48,25,63,71,301,89,34,42,68,103,26,57,26,33,43,56,91,79,31,18,17,49,18,15,D,56,31,25,12,22,14,D,53,"2,031"
Comoros,D,-,-,-,-,D,-,D,-,-,-,-,-,D,-,-,-,-,-,-,-,-,-,-,-,-,-,-,-,-,-,-,-,-,-,-,-,-,-,-,-,-,-,-,-,-,-,-,-,-,-,-,D
"Congo, Democratic Republic","7,522",27,18,7,7,150,103,90,477,46,90,7,222,23,6,324,60,6,9,93,D,53,111,40,22,28,78,61,133,103,77,109,154,174,112,10,35,75,187,82,24,-,-,6,48,33,45,-,51,225,D,121,"3,555"
"Congo, Republic",308,28,5,D,D,8,10,16,13,D,4,-,4,7,D,13,-,-,3,3,D,-,12,-,-,5,D,D,3,5,5,D,-,D,D,-,-,D,13,D,-,-,-,-,-,D,-,-,D,-,-,5,124
Cook Islands,D,-,-,-,-,-,-,-,-,-,-,-,-,-,-,-,D,-,-,-,-,-,-,-,-,-,-,-,-,-,-,-,-,-,-,-,-,-,-,-,-,-,-,-,-,-,-,-,-,-,-,-,D
Costa Rica,"1,658",294,59,134,25,32,22,39,49,32,30,27,39,33,6,24,6,11,47,23,21,18,18,39,9,15,4,22,31,3,11,7,18,5,5,25,4,D,D,10,5,D,D,4,D,12,6,-,D,D,3,30,387
Cote d'Ivoire,"1,049",236,10,3,5,20,9,80,63,13,23,D,60,60,9,14,7,D,-,24,6,4,17,5,3,D,13,6,15,7,5,8,4,6,3,-,D,8,25,41,D,-,-,-,D,D,-,-,D,D,D,7,214
Croatia,241,46,16,14,19,7,10,9,12,3,13,6,3,3,D,4,D,-,3,D,D,D,D,D,3,3,D,D,D,-,D,-,D,D,D,-,D,3,D,4,-,-,-,-,-,D,D,-,-,-,-,3,30
Cuba,"16,367",236,73,"8,981",27,"1,145",38,25,227,21,9,3,93,22,11,106,14,15,407,17,D,269,18,"1,211",378,46,10,98,32,3,9,12,60,31,6,D,5,7,5,3,6,6,11,-,142,5,D,-,6,407,D,75,"2,030"
Curacao,31,5,D,5,-,D,D,-,-,D,-,-,D,-,-,D,-,-,D,-,-,-,-,D,-,-,D,-,-,-,D,D,-,-,D,-,-,-,-,-,-,-,-,-,-,-,-,-,-,-,-,-,5
Cyprus,105,28,5,5,3,4,4,4,4,4,D,D,5,D,D,-,D,-,-,-,-,D,-,-,D,-,D,-,-,-,-,-,-,-,D,D,-,-,-,-,-,-,D,-,-,-,-,-,-,-,-,D,25
Czechia,454,43,29,18,15,8,40,12,3,11,19,12,20,9,10,5,D,D,D,5,-,D,8,10,3,5,D,3,D,-,5,-,-,3,D,3,D,-,D,D,D,-,-,-,6,D,D,D,D,-,-,10,114
Czechoslovakia (former),69,9,3,5,4,3,8,-,D,D,8,D,D,-,-,-,-,D,-,-,D,D,D,-,-,-,-,-,-,D,-,D,-,-,-,-,-,-,-,-,-,-,-,-,-,-,-,-,D,-,-,3,10
Denmark,405,47,35,16,28,10,8,10,13,17,18,16,15,7,-,6,5,5,-,11,D,3,10,3,D,6,D,-,6,-,8,D,D,D,-,4,-,D,-,D,D,-,-,D,D,-,D,D,D,D,D,4,72
Djibouti,84,D,-,-,D,-,D,-,D,4,D,-,3,-,D,D,-,-,-,15,-,D,5,D,D,-,D,-,-,3,D,4,-,-,-,-,-,-,-,-,-,-,-,-,-,-,-,-,D,-,-,-,32
Dominica,287,85,6,15,-,17,3,4,5,8,-,-,16,6,-,D,D,-,7,D,-,-,3,5,-,-,6,D,-,-,D,D,D,-,-,5,D,4,D,-,D,-,-,-,D,-,-,D,-,-,-,41,38
Dominican Republic,"30,005","16,477",63,"1,258",28,121,95,280,68,"2,363",20,9,232,"1,016",46,43,8,12,524,32,6,17,19,239,34,5,76,28,112,68,82,30,19,30,19,222,750,10,46,61,129,4,4,3,35,234,22,D,19,3,D,228,"4,753"
Ecuador,"6,157","3,214",136,419,36,72,174,112,37,53,17,12,58,69,D,22,10,21,121,165,3,15,14,50,30,11,27,13,68,10,18,8,9,11,31,143,20,4,5,7,38,-,6,D,15,36,6,D,5,5,D,20,774
Egypt,"6,164","1,402",505,52,146,189,154,267,180,155,151,64,68,159,86,52,45,203,72,90,54,26,24,116,21,54,54,14,25,55,44,62,331,10,10,16,56,13,23,49,13,-,3,18,15,43,25,4,26,16,10,21,873
El Salvador,"17,907","2,165","2,786",441,"1,004","1,411",135,"2,643",716,552,165,165,304,72,32,69,45,330,66,136,64,82,116,68,241,48,279,44,187,58,82,52,92,65,53,38,53,15,17,35,17,6,11,45,16,32,5,4,5,15,75,146,"2,604"
Equatorial Guinea,27,D,-,D,-,5,D,3,-,-,-,-,3,D,-,-,-,-,-,-,-,-,D,D,3,-,-,-,D,-,-,-,-,-,-,-,-,-,-,-,-,-,-,-,-,-,D,-,-,-,-,-,4
Eritrea,"1,881",9,32,3,164,52,32,114,101,23,161,38,62,27,3,46,8,D,D,50,7,11,75,D,33,29,34,15,24,58,14,28,20,10,18,3,6,14,23,D,D,-,-,D,25,6,4,-,-,9,-,4,478
Estonia,126,17,9,18,5,-,5,D,-,3,8,8,-,D,-,3,D,D,D,-,D,-,D,4,D,D,-,-,D,-,4,D,-,D,-,-,D,-,-,-,-,-,-,-,D,-,-,-,-,-,-,3,20
Eswatini,25,D,-,-,-,D,D,4,3,-,-,-,4,-,D,-,-,-,-,D,-,-,-,-,-,D,-,-,-,-,-,-,-,-,-,-,-,D,D,-,-,-,-,-,-,-,-,-,-,-,-,-,3
Ethiopia,"6,280",54,137,14,131,108,144,"1,106",282,119,491,98,325,45,13,105,56,6,8,589,38,43,301,20,194,82,95,4,34,144,23,40,65,102,26,D,3,44,50,6,6,D,-,4,27,3,4,D,12,23,6,26,"1,020"
Fiji,425,4,22,-,56,-,4,3,D,-,48,10,-,D,-,9,D,8,D,D,104,-,-,D,D,10,-,-,-,-,4,-,-,-,-,-,D,-,3,-,-,-,-,14,-,-,D,3,-,-,D,7,102
Finland,317,25,18,13,21,7,D,12,17,8,64,14,6,D,D,-,6,D,D,4,-,D,D,-,D,4,D,-,D,-,D,D,D,D,D,3,-,D,-,-,D,D,D,D,-,-,-,D,D,-,-,7,58
France,"4,053",798,342,288,427,104,124,114,56,185,127,126,58,48,38,47,54,14,36,32,13,56,31,29,28,28,17,4,16,8,7,10,21,4,15,15,14,25,18,9,5,D,D,4,5,3,13,5,14,5,6,27,577
French Polynesia,15,D,D,-,-,D,D,-,-,D,D,-,-,-,-,-,-,-,-,-,-,-,-,-,D,-,-,-,-,-,-,-,-,-,-,-,-,-,-,-,-,-,-,-,-,-,-,D,-,-,-,3,-
Gabon,86,11,3,D,-,10,7,12,4,D,D,-,D,D,-,-,-,-,3,-,-,D,-,-,-,-,4,-,-,D,-,D,-,-,D,-,D,-,D,-,-,-,-,-,-,-,D,-,-,-,-,-,16
Gambia,664,202,7,D,D,6,3,28,20,6,61,-,39,8,14,D,3,-,D,18,D,D,6,D,D,4,6,D,8,26,14,3,4,4,D,-,20,-,3,-,D,-,-,-,D,D,D,-,D,6,D,D,122
Georgia,"1,179",688,63,13,19,5,31,26,6,16,6,29,5,99,3,D,-,D,3,3,5,5,6,D,3,9,14,-,8,3,-,D,-,D,-,13,-,D,10,4,5,-,-,-,D,-,D,-,D,D,-,7,59
Germany,"3,913",374,259,122,246,104,132,132,76,117,99,166,82,65,116,43,57,30,43,29,27,30,33,39,29,27,22,20,39,13,27,13,8,16,14,33,6,24,31,17,17,14,-,6,12,9,22,7,6,5,6,48,"1,001"
Ghana,"4,627","1,200",29,11,25,56,166,502,91,57,39,8,218,138,25,38,4,23,23,70,8,11,92,12,6,10,128,17,34,251,17,12,23,11,6,17,19,15,75,4,95,7,D,D,7,177,20,3,5,6,4,23,786
Gibraltar,5,D,-,-,D,-,-,-,-,-,-,-,-,D,-,-,-,-,-,-,-,-,-,-,-,-,-,-,-,-,-,-,-,-,-,-,-,-,-,-,-,-,-,-,-,-,-,-,-,-,-,-,D
Greece,945,233,45,44,36,25,44,38,12,79,12,12,15,25,23,3,6,5,5,8,-,D,4,18,3,7,5,D,7,D,8,5,-,D,-,12,7,5,D,4,4,-,-,-,5,6,11,D,6,-,-,D,148
Greenland,D,D,-,D,-,-,-,-,-,-,-,D,-,-,-,-,-,-,-,-,-,-,-,-,-,-,-,-,-,-,-,-,-,-,-,-,-,-,-,-,-,-,-,-,-,-,-,-,-,-,-,-,-
Grenada,307,197,3,10,D,8,D,7,4,4,D,-,6,-,-,-,-,-,10,D,-,D,D,3,-,-,4,-,D,-,-,-,D,-,-,-,-,-,-,D,-,-,-,-,D,-,D,-,D,-,-,5,32
Guatemala,"7,815",616,"1,156",376,829,179,181,430,86,254,83,86,118,74,11,96,78,174,30,52,23,32,25,45,70,79,66,25,36,14,27,14,52,38,45,97,204,11,55,6,9,D,4,35,9,31,7,D,8,24,3,89,"1,720"
Guinea,858,362,5,-,3,8,6,47,D,24,18,-,42,81,3,10,-,-,-,16,D,4,3,-,D,D,10,D,3,39,D,12,-,4,3,D,8,5,6,5,-,-,-,-,3,D,D,D,D,4,-,6,104
Guinea-Bissau,27,3,D,-,D,-,D,D,-,4,-,-,3,-,-,-,D,D,-,-,-,-,-,-,-,-,-,-,-,-,-,-,D,-,-,-,7,-,-,-,-,-,-,-,-,-,-,-,-,-,-,-,D
Guyana,"3,027","2,138",9,87,3,16,9,62,5,18,3,-,61,33,D,9,D,D,64,49,-,3,-,18,D,D,38,D,5,D,D,-,D,4,-,4,D,-,D,8,47,-,-,-,4,4,D,3,-,D,D,11,291
Haiti,"9,338","1,919",15,"3,381",19,26,44,82,13,854,9,3,128,197,6,9,17,7,519,10,D,10,6,96,7,10,22,4,21,25,9,57,17,27,8,103,76,5,-,8,18,D,D,-,55,39,5,D,D,14,-,53,"1,378"
Honduras,"8,277","1,080",542,971,210,724,132,530,242,139,70,49,184,74,24,51,19,66,87,42,18,91,41,74,60,24,101,55,164,13,94,58,60,61,23,48,34,21,18,5,17,6,11,10,24,6,D,D,8,17,19,107,"1,749"
Hong Kong,"1,783",316,281,17,284,42,53,22,24,77,115,76,23,19,7,6,23,30,10,12,27,21,10,4,9,27,7,D,3,12,8,11,-,D,6,8,D,4,4,3,-,-,D,D,D,3,3,14,D,D,4,6,142
Hungary,761,120,60,65,28,16,16,13,7,35,10,29,4,9,10,3,8,D,6,3,3,17,3,29,9,7,3,D,-,D,9,-,3,D,5,9,-,D,5,4,D,-,D,D,10,-,3,-,3,-,-,7,180
Iceland,81,16,4,D,3,D,D,5,-,4,5,4,D,D,-,-,-,-,D,5,-,-,D,D,-,D,D,-,-,D,-,-,-,-,D,-,-,-,D,-,-,-,-,-,-,D,-,-,-,-,-,-,17
India,"46,363","6,326","1,337",331,"2,773","1,632","2,717","1,377","2,377",921,"1,712","2,292","1,578","1,397",778,631,380,303,388,533,622,598,266,332,61,332,361,189,549,476,643,370,247,178,115,231,112,363,374,230,424,25,7,445,130,215,245,13,226,118,429,242,"7,412"
Indonesia,"1,428",100,198,8,98,73,29,51,26,34,52,36,40,46,4,16,19,61,13,7,13,12,24,9,16,5,5,7,6,10,D,6,6,4,6,D,3,10,D,9,D,-,D,8,D,3,15,9,3,D,D,25,293
Iran,"8,805",378,"1,770",89,443,350,247,498,267,245,255,421,210,86,97,93,279,99,75,74,146,84,80,33,68,86,77,66,47,35,34,21,29,42,37,21,12,51,37,43,23,4,D,8,10,24,40,D,42,18,19,20,"1,568"
Iraq,"2,266",32,54,13,17,117,115,81,124,18,70,8,23,11,287,58,150,3,9,9,54,54,29,9,10,41,16,33,10,31,13,7,56,13,30,3,D,25,3,D,D,D,-,-,16,15,8,-,9,25,D,5,544
Ireland,"1,466",438,54,32,138,13,67,32,30,94,44,43,31,31,5,33,12,6,15,6,9,31,6,8,5,11,8,D,9,D,3,3,5,5,-,14,D,16,4,D,D,-,-,4,9,-,-,-,D,D,-,7,175
Israel,"3,687",931,408,205,161,51,78,61,73,158,156,299,42,53,12,34,59,14,18,11,26,52,21,24,107,39,17,8,10,13,24,4,12,12,10,D,D,5,11,28,3,5,-,6,9,5,9,4,4,3,-,19,370
Italy,"3,184",692,209,355,184,69,104,82,44,108,68,80,31,59,46,23,45,16,27,14,9,24,24,33,26,21,15,12,6,15,12,11,19,4,12,22,11,11,22,11,14,-,D,-,11,6,18,10,9,5,D,11,521
Jamaica,"12,826","4,235",85,"2,018",24,125,115,330,75,151,40,8,626,370,29,29,22,24,413,14,14,12,21,143,19,14,153,25,46,22,32,21,40,16,7,212,37,24,19,20,324,9,D,D,74,22,42,5,12,4,-,107,"2,592"
Japan,"3,905",532,592,28,260,54,103,72,60,98,171,195,36,28,81,51,85,35,12,19,19,33,15,18,32,58,11,12,9,25,8,11,19,11,16,15,5,16,28,24,D,D,5,4,5,D,16,229,9,3,D,75,655
Jordan,"3,063",290,160,53,81,144,397,99,142,40,37,22,27,38,102,31,31,72,26,22,24,12,17,43,9,16,13,20,28,81,30,35,25,20,D,D,4,30,45,61,10,-,D,5,9,8,3,D,31,10,7,19,628
Kazakhstan,"1,307",201,84,70,45,67,80,51,17,20,38,56,7,35,8,9,31,7,24,20,61,32,17,8,6,19,D,4,24,4,D,D,-,D,6,D,D,3,3,3,D,D,-,D,8,D,20,-,-,D,-,14,192
Kenya,"4,026",140,47,17,40,128,35,102,262,131,236,12,150,71,9,75,21,24,180,404,15,20,30,13,14,30,68,13,23,95,55,27,25,91,21,D,21,66,20,9,4,7,3,6,4,58,9,5,7,23,D,38,"1,118"
Kiribati,D,-,-,-,-,-,-,-,-,-,-,-,-,-,-,-,-,-,-,-,-,-,-,-,-,-,-,-,-,-,-,-,-,-,-,-,-,-,-,-,-,-,-,-,-,-,-,D,-,-,-,-,-
"Korea, North",28,D,4,-,3,-,-,D,-,-,D,3,3,-,-,-,-,4,-,-,-,-,-,-,-,-,-,-,-,-,-,-,-,-,-,-,-,-,-,-,-,-,-,-,-,-,-,-,D,-,-,-,6
"Korea, South","16,244","2,422","3,186",55,520,305,480,628,577,286,719,765,602,179,268,101,278,160,35,98,53,206,111,33,117,165,196,61,50,43,66,43,44,48,40,16,18,68,33,23,40,18,3,9,11,17,38,183,22,17,12,153,"2,623"
Kosovo,678,287,4,D,D,10,44,17,5,13,4,D,14,4,21,3,D,-,-,8,-,4,14,7,D,D,6,3,4,-,-,-,8,3,4,5,D,D,-,7,9,-,-,-,10,3,6,-,D,-,-,3,134
Kuwait,768,56,43,12,21,39,49,29,24,13,19,15,15,8,34,9,8,11,35,3,7,11,9,12,5,6,5,4,12,6,5,-,9,5,D,4,-,4,9,6,-,-,-,3,-,4,-,-,6,D,3,3,183
Kyrgyzstan,594,89,22,4,19,3,167,29,6,3,25,11,-,31,-,5,D,D,11,D,17,9,D,5,6,4,D,D,4,D,3,3,D,D,-,-,D,-,23,4,D,-,-,-,-,-,8,-,-,3,D,D,60
Laos,486,D,8,D,10,D,14,4,13,6,5,D,3,3,3,D,11,13,-,127,25,-,3,D,6,D,4,D,5,5,-,-,5,5,-,D,D,-,-,-,3,-,-,4,-,D,-,8,7,-,23,7,140
Latvia,224,33,16,11,11,3,11,4,6,7,4,3,3,D,D,D,5,-,D,7,D,3,D,4,-,4,D,4,4,-,D,D,D,D,D,D,-,D,D,-,D,-,-,-,D,D,-,D,D,-,-,D,50
Lebanon,"2,120",164,192,59,39,127,41,70,65,124,21,31,20,27,366,17,34,46,40,10,14,19,7,16,18,9,12,5,9,6,18,10,-,D,D,9,29,5,6,48,D,D,-,D,8,23,5,-,D,4,10,8,319
Lesotho,14,D,D,-,-,-,D,D,D,-,-,-,D,D,-,-,-,-,-,-,-,-,-,-,-,-,D,-,-,-,-,-,-,-,D,-,-,-,-,-,-,-,-,-,-,-,D,-,-,-,-,-,D
Liberia,"1,674",66,9,3,10,28,11,93,55,31,8,-,64,324,8,26,4,D,D,272,13,6,6,4,7,7,50,5,43,25,D,23,10,5,3,3,66,7,3,5,D,-,-,3,3,19,-,-,D,13,-,8,319
Libya,514,13,22,11,9,28,6,33,11,33,14,4,7,4,20,D,4,6,6,D,D,3,43,-,3,16,D,-,3,6,4,-,D,8,D,D,-,6,D,3,D,-,-,D,3,-,-,-,D,D,D,7,160
Lithuania,475,56,24,21,13,D,156,7,D,11,11,8,7,11,-,6,7,3,D,D,3,4,4,6,4,-,8,D,D,-,D,D,-,4,D,D,-,D,D,D,-,-,-,-,-,D,D,-,D,-,-,5,71
Luxembourg,20,8,-,D,D,-,D,-,D,-,D,D,-,-,-,-,-,D,-,-,-,-,-,-,-,-,-,-,-,-,-,-,-,-,-,-,-,-,-,-,-,-,-,-,-,-,-,-,-,-,D,-,D
Macau,64,9,15,D,13,D,-,-,D,D,4,D,3,-,-,D,-,-,-,-,-,-,-,-,3,-,-,-,-,-,-,-,-,-,-,-,-,-,-,-,-,-,-,-,-,-,D,-,-,-,-,-,5
Madagascar,84,11,-,-,4,4,-,29,-,4,D,-,D,-,-,-,-,-,-,-,-,D,-,-,-,-,D,-,-,-,-,-,5,-,-,-,-,-,-,-,-,-,-,-,-,-,-,-,-,D,-,-,21
Malawi,197,D,3,-,D,D,4,11,12,7,4,-,13,3,D,3,-,D,D,D,-,-,3,-,D,D,D,D,-,4,-,3,D,5,D,-,-,D,-,4,-,-,-,-,-,-,-,-,D,D,-,D,94
Malaysia,"1,898",170,74,13,79,76,108,23,95,39,43,86,83,18,16,40,10,12,10,27,6,37,12,4,D,38,13,4,22,21,8,114,7,7,15,D,D,6,8,D,4,-,-,3,6,4,6,5,76,4,-,9,429
Maldives,4,-,-,-,D,-,-,-,-,-,-,-,-,-,-,-,D,-,-,-,-,-,-,-,-,-,-,-,-,-,-,-,-,-,-,-,-,-,-,-,-,-,-,-,-,-,-,-,-,-,-,-,D
Mali,389,187,4,-,D,7,5,17,3,D,3,-,7,40,D,D,-,D,4,6,-,D,6,D,D,D,9,-,6,10,D,7,-,-,D,-,5,-,9,D,-,-,-,-,D,-,-,-,-,-,-,D,36
Malta,44,6,4,4,D,D,-,D,-,D,D,-,-,-,D,-,D,-,D,D,-,-,-,-,-,-,-,-,-,4,-,4,-,-,-,D,-,D,D,-,-,-,-,-,D,-,-,-,-,-,-,3,4
Marshall Islands,12,-,D,-,-,-,-,-,-,-,D,D,-,-,-,-,-,D,-,-,-,-,-,-,-,D,-,-,-,-,-,-,-,-,D,-,-,-,-,-,-,-,-,-,-,-,-,D,-,-,-,D,D
Mauritania,134,20,-,-,D,-,D,10,-,D,D,-,D,9,-,-,D,-,-,D,-,-,D,-,-,-,D,-,D,24,-,3,-,-,-,-,D,-,36,-,-,-,-,-,-,-,-,-,-,3,-,D,14
Mauritius,68,14,D,6,D,D,-,3,-,4,D,-,D,D,-,-,D,-,D,D,-,-,D,-,-,-,-,D,-,-,D,-,-,D,D,-,D,-,-,-,-,-,-,-,-,-,-,-,-,-,-,-,19
Mexico,"100,325","2,332","10,399",956,"3,035","5,726","5,301",520,"5,671",189,"1,235","1,442","1,345",466,850,"3,216","3,113","3,715",260,851,739,"1,432","1,480",379,"1,451",812,119,"1,874",597,148,353,426,348,619,837,100,47,229,152,192,49,"2,156","2,045",632,69,30,59,25,344,130,860,"2,334","28,636"
"Micronesia, Federated States",15,-,-,-,-,-,-,-,-,-,-,-,-,-,-,-,-,-,-,-,-,-,-,-,D,D,-,D,-,-,-,-,-,-,-,-,-,-,-,-,-,-,-,-,-,-,-,D,-,-,D,-,9
Moldova,"1,367",88,30,35,26,9,281,40,17,29,121,9,24,15,D,17,9,3,21,17,122,7,6,5,20,59,11,D,5,8,7,D,-,-,4,D,3,3,D,17,5,-,-,-,3,-,3,3,-,-,D,4,271
Monaco,8,D,-,D,D,D,-,-,-,-,-,-,-,-,-,-,D,-,-,-,-,-,-,-,D,-,-,-,-,-,-,-,-,-,-,-,-,-,-,-,-,-,-,-,-,-,-,-,-,-,-,-,-
Mongolia,543,14,51,D,84,D,102,80,D,6,32,7,3,6,D,D,9,-,-,D,11,-,25,D,5,D,D,-,4,D,-,D,D,-,7,D,-,D,D,-,3,-,-,D,-,-,D,D,-,-,D,7,60
Montenegro,303,165,4,12,-,D,35,D,D,D,D,6,D,-,25,D,D,3,D,-,-,-,-,D,D,-,-,-,-,-,-,-,D,-,D,-,-,D,-,D,6,-,-,-,-,-,-,-,-,-,-,D,23
Montserrat,12,D,-,D,-,-,-,-,D,4,-,-,-,-,-,-,-,-,-,-,-,-,-,-,-,-,-,-,-,-,-,-,-,-,-,D,-,-,-,-,-,-,-,-,-,-,-,-,-,-,-,-,D
Morocco,"2,866",451,81,79,76,43,114,228,65,234,38,17,58,102,26,18,16,12,90,29,5,19,40,32,23,13,25,6,16,71,75,9,12,13,5,30,16,6,34,7,19,D,D,D,7,13,6,D,6,23,D,28,523
Mozambique,60,5,D,-,3,D,D,6,-,-,-,D,-,-,-,D,-,-,-,D,-,D,D,D,-,D,-,-,-,-,D,-,-,-,-,-,3,-,D,-,-,-,-,-,-,3,D,-,-,-,D,-,25
Namibia,90,5,D,D,D,3,D,D,4,D,-,-,3,D,-,D,3,-,D,4,-,-,-,-,-,4,-,-,D,-,-,D,D,3,-,-,-,-,D,-,-,-,-,-,-,D,-,-,-,D,-,3,38
Nauru,6,D,-,-,D,-,-,-,-,-,-,-,-,-,-,-,D,-,-,-,-,-,-,-,-,D,-,D,-,-,-,-,-,-,-,-,-,-,-,-,-,-,-,-,-,-,-,-,-,-,-,-,-
Nepal,"7,847",666,184,34,335,148,131,575,703,291,110,89,133,85,41,42,27,36,24,132,89,117,219,15,26,45,262,31,81,231,74,15,44,50,31,16,21,48,93,62,23,8,D,D,11,35,108,16,29,85,D,50,"2,122"
Netherlands,962,164,75,30,62,44,41,29,13,24,22,52,22,6,4,26,13,7,5,12,6,8,7,D,6,21,10,4,5,-,4,-,6,D,D,7,5,3,3,D,3,-,D,-,-,4,D,D,3,D,-,11,182
Netherlands Antilles (former),7,D,-,-,-,-,-,D,-,-,-,-,-,-,-,-,-,-,D,-,-,D,-,D,-,-,-,-,-,-,-,-,-,-,-,-,-,-,-,-,-,-,-,-,-,-,-,-,-,-,-,-,D
New Caledonia,4,-,-,-,-,-,-,-,-,D,-,-,-,-,-,-,-,D,-,-,-,-,-,-,-,-,-,-,-,-,-,-,-,-,-,-,-,-,-,-,-,-,-,-,-,-,-,-,-,-,-,D,-
New Zealand,607,80,68,8,38,13,22,17,19,5,36,11,9,6,5,6,11,7,7,9,3,10,11,4,5,6,5,D,D,-,4,4,6,4,17,D,-,D,D,D,-,-,-,D,D,-,-,7,D,D,D,7,120
Nicaragua,"2,570",109,165,968,139,121,22,106,28,15,13,26,30,14,3,18,7,34,35,14,7,18,11,14,25,D,6,9,19,11,8,24,7,D,10,6,D,D,8,5,4,D,5,6,21,-,D,-,D,D,D,32,434
Niger,139,23,D,-,D,6,3,14,D,D,4,3,3,7,-,-,-,D,-,D,-,-,-,D,D,D,D,-,D,3,-,14,D,-,-,-,-,-,3,-,-,-,-,-,D,-,-,-,-,D,-,D,33
Nigeria,"12,398","1,450",338,94,189,"1,435",640,851,948,254,82,62,839,308,87,91,45,90,140,236,63,101,42,44,36,57,595,84,57,106,71,378,105,60,19,22,73,53,58,48,27,15,23,36,25,16,35,D,29,12,D,58,"1,865"
North Macedonia,590,140,6,23,9,9,129,6,7,8,5,D,D,10,27,-,10,D,D,5,D,D,-,3,5,D,D,D,3,9,D,-,-,D,D,D,D,5,D,4,D,-,-,-,3,-,D,-,D,-,-,6,128
Norway,248,27,22,11,17,24,7,4,3,4,7,7,4,9,D,3,6,D,D,3,-,11,D,-,D,3,-,D,D,-,3,-,D,D,5,6,-,-,-,-,3,-,-,-,D,D,-,D,-,-,-,3,39
Oman,118,13,8,D,4,8,4,8,5,3,8,8,4,4,3,3,D,D,5,D,-,-,-,D,-,-,D,-,D,-,-,-,-,-,-,-,-,-,3,-,D,-,-,-,-,-,-,-,-,-,-,-,17
Pakistan,"10,474","1,867",268,127,251,955,693,804,547,156,190,111,250,309,226,111,66,89,66,46,179,74,43,49,19,35,253,72,27,74,59,38,13,49,29,22,39,48,27,39,84,D,6,139,18,25,48,D,26,14,16,55,"1,719"
Palau,8,-,-,-,-,-,-,D,-,-,-,-,-,-,-,-,-,D,-,-,-,-,D,-,-,D,-,-,-,-,-,-,-,-,-,-,-,-,-,-,-,-,-,-,-,-,-,D,-,-,-,-,D
Panama,601,92,22,89,13,21,20,22,27,24,4,3,16,6,-,5,9,5,14,10,D,11,3,6,D,6,6,3,4,-,D,D,4,4,D,3,-,D,3,D,-,D,D,-,6,3,-,-,D,D,-,5,115
Papua New Guinea,19,D,D,-,-,-,-,D,D,-,-,-,-,D,-,-,D,-,-,D,-,-,D,-,-,-,-,-,-,-,-,-,-,-,-,-,-,-,-,-,-,-,-,-,-,-,-,-,-,-,-,-,5
Paraguay,256,87,5,28,4,4,D,26,8,D,-,D,D,6,D,3,-,-,D,D,D,3,3,4,D,D,-,D,-,-,D,-,-,D,3,3,-,-,D,D,-,-,-,-,D,-,3,-,-,-,-,D,42
Peru,"5,626","1,154",349,772,235,111,79,401,97,81,60,54,111,28,9,37,33,64,77,30,13,33,44,67,57,16,46,18,53,8,24,18,30,10,98,46,21,15,15,19,89,D,17,7,16,6,10,7,8,D,-,48,980
Philippines,"25,491","1,856","3,011",308,"1,605",510,881,637,343,166,553,591,161,220,152,332,708,570,212,195,270,115,92,156,703,156,173,142,147,62,44,54,179,89,79,74,44,118,202,44,27,31,35,243,135,31,67,665,41,44,55,"1,564","6,599"
Poland,"3,341",807,81,59,95,26,"1,079",44,35,37,70,64,22,47,44,22,18,3,21,14,25,22,16,33,11,17,8,7,12,6,14,4,7,9,6,30,10,6,7,7,53,-,D,-,8,13,8,5,3,4,D,16,382
Portugal,679,142,11,59,28,21,17,16,8,69,11,21,8,11,6,D,6,D,7,D,-,7,D,D,D,D,5,D,6,-,-,-,D,D,D,10,70,4,D,D,4,4,D,5,4,3,3,D,4,D,D,D,82
Qatar,215,17,12,D,3,14,6,8,10,-,D,6,5,6,16,-,5,-,6,D,D,-,D,D,D,D,3,D,3,-,10,-,6,D,-,D,-,D,4,3,-,-,-,-,-,-,D,-,D,-,D,-,50
Romania,"1,994",207,123,108,78,55,223,33,33,53,89,47,42,15,77,54,12,26,15,12,29,15,15,21,23,30,9,8,15,5,12,4,9,4,6,5,D,4,4,33,D,-,D,6,9,-,4,9,D,D,D,15,389
Russia,"7,967","1,343",721,415,419,191,330,231,94,243,462,469,102,179,40,51,114,24,50,81,175,98,93,107,45,138,44,21,90,27,81,13,6,12,25,64,19,26,27,38,15,D,D,8,18,34,41,7,18,D,7,62,"1,045"
Rwanda,"1,084",8,6,D,3,54,14,14,76,6,9,D,58,13,D,49,D,3,D,8,-,17,12,6,4,9,8,10,5,20,4,13,10,9,40,D,3,16,8,8,-,D,-,-,D,3,16,-,D,63,-,D,467
Saint Helena,D,D,-,-,-,-,-,-,-,-,-,-,-,-,-,-,-,-,-,-,-,-,-,-,-,-,-,-,-,-,-,-,-,-,-,-,-,-,-,-,-,-,-,-,-,-,-,-,-,-,-,-,-
Saint Kitts and Nevis,106,23,-,10,D,5,D,D,D,-,-,-,11,D,-,-,-,D,-,-,-,-,-,D,-,D,-,-,-,D,-,3,-,-,-,3,-,-,-,-,6,-,-,-,-,-,-,-,D,-,-,19,14
Saint Lucia,463,234,D,20,D,12,D,5,6,4,-,-,13,4,-,-,D,-,20,D,-,D,-,9,4,-,5,-,5,-,D,D,-,D,-,4,D,4,D,-,12,-,-,-,-,-,-,D,D,-,D,22,60
Saint Pierre and Miquelon,D,-,-,-,-,-,-,-,-,-,D,-,-,-,-,-,-,-,-,-,-,-,-,-,-,-,-,-,-,-,-,-,-,-,-,-,-,-,-,-,-,-,-,-,-,-,-,-,-,-,-,-,-
Saint Vincent and the Grenadines,196,128,-,5,-,4,-,4,-,D,-,-,5,D,-,D,-,-,5,-,-,-,D,D,-,-,D,-,4,D,-,-,-,D,-,-,D,-,-,D,D,-,-,-,D,-,-,-,-,-,-,3,23
Samoa,154,D,14,-,7,-,-,-,D,D,28,4,-,-,-,D,D,10,-,-,D,-,-,-,D,D,-,D,-,-,-,3,-,3,15,-,-,-,-,-,-,D,-,D,-,-,-,12,-,-,D,3,41
San Marino,D,D,-,-,-,-,-,-,-,-,-,-,-,-,-,-,-,-,-,-,-,-,-,-,-,-,-,-,-,-,-,-,-,-,-,-,-,-,-,-,-,-,-,-,-,-,-,-,-,-,-,-,-
Sao Tome and Principe,4,D,-,-,-,-,-,-,-,D,-,-,-,-,-,-,-,-,-,-,-,-,-,-,-,-,-,-,-,-,-,-,-,-,-,-,-,-,-,-,-,-,-,-,-,-,-,-,-,-,-,-,D
Saudi Arabia,"1,854",158,110,26,65,101,119,107,78,29,61,33,25,32,87,21,17,16,22,26,12,16,20,14,5,22,16,18,12,30,10,24,12,9,D,8,11,12,17,17,12,D,-,7,11,D,8,D,12,3,7,12,358
Senegal,999,316,9,4,11,23,8,63,11,21,10,-,52,24,22,D,4,D,3,8,3,D,11,D,5,D,27,D,3,52,18,15,D,3,D,D,23,3,55,3,4,-,-,-,D,3,-,-,D,6,-,4,156
Serbia,"1,077",150,48,84,27,26,240,40,10,18,16,18,19,8,12,26,9,8,4,4,4,5,16,15,30,D,D,D,7,-,D,D,3,D,5,3,D,9,D,9,-,D,-,-,D,D,7,-,4,D,-,6,169
Serbia and Montenegro (former),149,45,5,4,11,5,11,7,-,D,3,4,D,3,-,D,-,-,D,D,D,3,D,-,D,-,-,D,D,-,D,-,D,-,-,D,-,-,-,4,D,-,-,-,-,-,3,-,D,-,-,-,21
Seychelles,4,-,-,D,-,-,-,-,-,D,-,-,-,-,-,-,-,-,-,-,-,-,-,-,-,-,-,-,-,-,-,-,-,-,-,-,-,-,-,-,-,-,-,-,-,-,-,-,-,-,-,-,D
Sierra Leone,713,81,9,D,4,11,D,226,10,17,4,-,22,87,3,6,D,D,D,17,5,-,8,4,D,D,24,3,D,52,6,D,8,D,D,-,4,3,-,-,3,-,-,-,-,D,D,-,-,-,D,D,71
Singapore,807,114,53,7,103,47,29,21,6,31,62,55,11,9,D,12,8,6,D,4,9,11,4,4,4,16,3,D,-,5,14,D,4,D,3,9,D,3,7,D,3,-,-,-,D,-,3,4,D,-,-,D,107
Sint Maarten,21,6,-,D,D,-,-,-,-,-,-,-,D,-,-,-,-,-,D,-,-,-,-,-,-,-,-,-,-,-,-,-,-,-,-,-,D,-,-,-,-,-,-,-,-,-,-,-,-,-,-,D,7
Slovakia,343,68,22,15,7,5,29,8,4,7,11,8,D,8,5,3,5,-,D,D,-,-,3,6,4,D,-,D,3,-,7,D,D,3,-,D,D,D,D,7,5,D,-,D,D,-,D,D,-,-,-,5,75
Slovenia,76,11,4,D,4,D,4,D,-,3,4,D,D,-,-,D,D,-,-,-,D,3,-,-,-,D,-,-,D,D,-,-,-,-,-,-,-,-,-,4,-,-,-,-,-,-,-,-,-,-,-,D,22
Solomon Islands,D,-,-,-,-,-,-,-,-,-,-,-,-,-,-,-,-,-,-,-,-,-,-,-,-,-,-,-,-,-,-,-,-,-,-,-,-,-,-,-,-,-,-,-,-,-,-,D,-,-,-,-,-
Somalia,"2,024",5,3,D,6,10,27,23,21,31,100,7,31,D,3,24,39,-,D,599,D,D,24,-,D,28,4,7,D,228,D,20,24,24,14,D,6,18,12,9,D,-,-,-,-,D,5,-,20,21,-,29,589
South Africa,"2,733",206,121,110,78,114,73,92,102,54,121,26,105,34,21,43,22,18,19,29,12,40,26,16,9,25,12,9,57,9,24,12,10,29,32,27,12,22,39,9,D,-,D,3,14,5,6,5,8,13,4,103,749
South Sudan,117,D,-,-,-,D,D,D,3,D,4,D,D,-,-,6,-,-,D,D,D,-,D,-,-,D,-,-,-,D,-,4,D,D,3,-,-,D,-,-,D,-,-,-,4,3,3,-,-,6,-,D,58
Soviet Union (former),"1,070",174,140,74,100,19,52,27,5,42,34,44,9,33,6,D,14,D,3,11,19,3,10,17,8,9,6,-,6,7,6,D,3,D,4,6,D,4,6,4,-,-,D,-,D,3,D,D,D,-,D,3,140
Spain,"2,620",440,112,434,119,75,77,89,71,114,57,62,38,21,22,19,37,9,38,19,7,36,16,30,15,9,13,9,27,6,8,4,8,6,8,22,8,20,5,D,D,4,4,-,7,6,13,D,6,D,-,25,438
Sri Lanka,"1,463",229,124,11,24,61,49,114,44,46,40,44,17,26,18,15,20,15,5,22,9,13,11,19,21,29,14,8,10,18,11,D,5,5,3,6,4,20,12,-,11,-,D,-,D,10,11,D,4,4,4,6,264
Sudan,"1,867",94,33,9,24,39,47,158,101,38,41,3,18,49,15,43,9,5,-,26,8,13,63,13,5,7,33,8,12,22,14,24,30,18,17,D,-,D,-,11,16,-,-,-,14,D,6,-,D,5,D,18,751
Suriname,117,69,-,10,D,D,D,D,D,-,-,-,3,9,D,-,-,-,D,-,-,-,-,-,-,-,-,-,D,-,-,-,-,-,-,D,-,-,D,-,-,-,-,-,-,D,-,-,-,-,-,-,8
Sweden,835,119,93,26,86,20,12,20,26,46,30,38,12,8,10,8,21,3,7,12,D,12,6,5,5,6,5,-,D,D,3,3,5,D,3,8,-,6,D,D,-,-,-,-,4,-,D,D,4,D,-,D,147
Switzerland,592,94,46,40,46,5,14,18,9,27,10,19,7,6,3,26,12,3,3,11,-,6,11,5,4,5,-,D,3,-,5,5,9,D,6,8,D,-,D,5,D,-,-,D,3,D,3,6,-,-,-,10,90
Syria,"3,176",228,394,50,32,51,158,88,98,51,21,21,24,45,173,27,57,182,41,15,19,11,13,22,9,33,14,23,8,36,9,24,8,35,10,13,20,18,11,74,11,-,D,7,133,21,12,-,11,D,10,21,776
Taiwan,"4,759",416,723,29,478,118,87,111,121,156,276,697,55,36,33,61,95,97,14,24,59,82,16,15,16,102,28,6,9,14,20,9,8,12,12,11,6,12,8,13,9,17,D,8,D,3,19,23,4,D,3,15,569
Tajikistan,523,272,12,4,3,5,21,27,4,4,5,5,D,35,-,D,D,D,D,9,-,D,17,D,D,D,-,D,D,D,D,4,-,D,D,D,-,-,-,D,D,-,-,D,-,D,D,-,-,-,-,16,54
Tanzania,"2,312",26,8,D,6,85,10,46,109,16,15,D,112,9,5,162,10,D,13,14,4,4,16,5,13,17,35,24,12,33,17,21,94,105,27,8,21,19,4,24,4,-,-,-,D,7,15,-,23,99,-,D,"1,007"
Thailand,"4,177",238,340,63,198,97,158,138,93,101,141,72,62,34,25,50,51,49,24,169,13,32,43,31,72,82,18,22,30,15,15,17,33,41,16,14,14,20,11,17,5,D,D,6,13,11,13,34,68,7,8,58,"1,292"
Togo,"1,276",147,D,D,3,30,36,161,28,4,5,D,61,35,D,10,6,7,D,47,-,D,11,D,10,D,5,6,25,22,9,30,D,9,D,8,4,16,12,D,11,-,D,-,D,D,D,D,D,28,-,18,446
Tonga,202,-,7,-,44,-,-,-,D,-,5,14,-,-,-,6,D,13,-,-,D,-,D,-,-,7,-,-,D,-,-,-,-,-,25,-,-,-,-,-,-,-,-,D,-,-,-,24,-,-,-,-,47
Trinidad and Tobago,"1,718",829,11,165,13,76,14,55,8,24,3,D,58,41,D,11,5,-,38,6,D,6,D,23,3,4,34,D,6,4,4,-,D,D,-,5,D,3,D,D,D,D,D,3,8,D,9,-,D,D,-,8,222
Tunisia,463,55,35,22,24,21,19,22,11,10,11,16,4,18,8,5,4,3,6,3,D,D,4,11,D,8,6,4,-,3,5,6,D,-,D,D,D,3,D,3,-,-,D,-,D,-,3,-,4,8,-,4,81
Turkey,"4,359",807,284,151,203,234,141,189,69,142,106,133,77,135,31,23,57,6,44,33,11,43,15,52,22,32,24,26,21,33,29,32,22,15,D,23,21,30,24,36,16,4,3,4,19,12,53,D,21,D,4,19,824
Turkmenistan,250,61,13,5,D,11,17,8,6,3,13,D,-,12,6,-,D,-,-,10,-,6,-,-,9,-,D,D,D,D,D,-,-,-,D,D,D,-,-,D,3,-,-,D,10,-,D,-,8,-,D,3,27
Turks and Caicos Islands,33,6,-,11,-,-,-,-,D,D,-,-,4,-,-,-,-,-,-,-,-,-,-,D,-,-,D,-,-,-,-,-,-,-,-,-,-,-,-,-,-,-,-,-,-,-,-,-,-,-,-,-,7
Uganda,"1,802",28,67,D,30,50,52,57,52,151,26,8,32,14,8,62,14,3,D,28,-,7,25,11,14,4,23,5,8,24,30,48,16,75,37,5,7,33,3,26,5,-,-,-,14,16,17,-,3,41,-,13,606
Ukraine,"9,886","1,258",350,188,210,85,821,146,91,120,"1,145",157,68,300,112,41,87,21,28,130,650,70,68,70,41,527,54,20,85,110,45,13,19,17,18,66,9,24,22,216,46,D,D,3,61,13,32,5,15,D,30,75,"2,099"
United Arab Emirates,"1,251",119,65,32,41,101,64,69,40,30,34,34,23,16,55,15,15,9,41,19,14,8,14,6,8,11,8,6,17,10,10,D,9,D,-,6,4,8,6,5,5,3,-,D,4,D,5,D,5,D,D,3,243
United Kingdom,"9,655","1,516",728,224,539,467,335,242,225,317,302,190,201,139,66,102,130,70,149,78,43,97,101,107,98,109,75,28,81,34,57,47,49,27,45,148,29,42,51,31,26,5,-,11,54,17,38,10,23,17,4,107,"2,024"
United States,187,39,15,10,8,9,D,12,4,3,D,D,D,7,D,5,D,7,4,D,-,D,-,D,D,-,D,-,5,-,D,-,-,D,D,D,D,-,D,-,D,-,-,-,-,-,D,-,-,-,-,-,36
Uruguay,699,132,9,174,11,31,8,29,16,5,D,D,34,6,-,3,5,D,16,D,-,3,-,5,3,D,3,D,6,-,5,-,3,D,8,8,D,D,-,-,D,D,-,-,D,31,-,D,-,D,D,6,120
Uzbekistan,"1,347",556,50,29,35,7,35,30,14,13,36,14,10,93,D,10,15,3,11,6,30,9,11,4,D,D,21,D,7,12,5,D,27,3,-,D,D,11,34,8,8,-,-,-,D,-,25,D,3,-,D,5,143
Vanuatu,D,-,-,-,-,-,-,D,-,-,-,-,-,-,-,-,-,-,-,-,-,-,-,-,-,-,-,-,-,-,-,-,-,-,-,-,-,-,-,-,-,D,-,-,-,-,-,-,-,-,-,-,-
Venezuela,"12,136",681,186,"4,591",116,950,326,155,244,110,67,46,271,86,54,88,33,48,851,50,22,91,93,230,61,56,15,43,58,75,41,99,59,50,162,50,18,25,26,16,10,12,29,D,51,13,29,D,29,11,4,44,"1,656"
Vietnam,"29,995",515,"4,587",390,"1,008","2,229",564,821,"1,428",778,"1,243","2,314","1,030",530,171,474,595,410,296,422,547,264,428,333,192,420,136,123,207,100,125,87,95,152,129,47,17,148,60,88,60,18,16,138,104,112,45,100,57,51,59,139,"5,593"
"Virgin Islands, British",29,4,-,D,-,D,-,-,D,D,-,-,4,D,-,-,-,-,D,-,-,-,-,-,-,-,-,-,-,-,-,-,-,-,-,-,3,-,-,-,D,-,-,-,-,-,-,-,D,D,-,D,7
"Virgin Islands, U.S.",D,-,-,-,-,-,-,-,-,-,-,-,-,-,-,-,-,-,-,-,-,-,-,-,-,-,-,-,-,-,-,-,-,-,-,-,-,-,-,-,-,-,-,-,-,-,-,-,-,-,-,-,D
Western Sahara,D,D,-,-,-,-,-,-,-,-,-,-,-,-,-,-,-,-,-,-,-,-,-,-,-,-,-,-,-,-,-,-,-,-,-,-,-,-,-,-,-,-,-,-,-,-,-,-,-,-,-,-,-
Yemen,"5,908","1,524",15,-,497,10,133,24,17,4,21,13,D,47,"1,746",D,5,4,D,8,8,4,4,5,4,6,15,5,10,5,36,5,23,D,-,-,-,6,-,4,44,-,-,31,D,-,D,D,D,-,93,94,"1,423"
Zambia,401,24,6,-,3,4,14,26,23,6,8,D,25,3,3,6,-,-,11,D,-,3,3,8,3,9,4,-,3,4,10,16,-,5,5,-,D,D,D,5,-,-,-,-,-,3,3,D,3,D,-,3,140
Zimbabwe,674,33,16,8,15,50,18,43,69,11,9,4,31,11,4,5,D,7,11,10,4,D,16,7,4,4,8,D,7,10,8,16,7,3,D,D,D,4,13,3,D,D,-,-,D,D,3,-,D,6,5,10,162
Unknown,633,65,35,29,16,24,90,21,15,4,3,3,11,18,11,4,D,14,10,6,-,6,6,10,D,7,D,4,5,9,5,3,D,6,D,D,D,19,D,D,D,D,-,D,-,-,3,D,8,D,D,9,121
D Data withheld to limit disclosure.,,,,,,,,,,,,,,,,,,,,,,,,,,,,,,,,,,,,,,,,,,,,,,,,,,,,,
- Represents zero.,,,,,,,,,,,,,,,,,,,,,,,,,,,,,,,,,,,,,,,,,,,,,,,,,,,,,
"Note: Metropolitan areas defined based on the 2020 update of Core Based Statistical Areas (CBSAs) definitions, available from the U.S. Census Bureau at https://www.census.gov/programs-surveys/metro-micro.html.",,,,,,,,,,,,,,,,,,,,,,,,,,,,,,,,,,,,,,,,,,,,,,,,,,,,,
Source: U.S. Department of Homeland Security.,,,,,,,,,,,,,,,,,,,,,,,,,,,,,,,,,,,,,,,,,,,,,,,,,,,,,