Country,Total,"New York-Newark-Jersey City, NY-NJ-PA","Los Angeles-Long Beach-Anaheim, CA","Miami-Fort Lauderdale-West Palm Beach, FL","Washington-Arlington-Alexandria, DC-VA-MD-WV","Chicago-Naperville-Elgin, IL-IN-WI","Houston-The Woodlands-Sugar Land, TX","San Francisco-Oakland-Hayward, CA","Dallas-Fort Worth-Arlington, TX","Boston-Cambridge-Newton, MA-NH","Atlanta-Sandy Springs-Roswell, GA","Seattle-Tacoma-Bellevue, WA","San Jose-Sunnyvale-Santa Clara, CA","Philadelphia-Camden-Wilmington, PA-NJ-DE-MD","San Diego-Carlsbad, CA","Riverside-San Bernardino-Ontario, CA","Detroit-Warren-Dearborn, MI","Phoenix-Mesa-Scottsdale, AZ","Orlando-Kissimmee-Sanford, FL","Minneapolis-Saint Paul-Bloomington, MN-WI","Tampa-Saint Petersburg-Clearwater, FL","Sacramento--Roseville--Arden-Arcade, CA","Las Vegas-Henderson-Paradise, NV","Denver-Aurora-Lakewood, CO","Baltimore-Columbia-Towson, MD","Portland-Vancouver-Hillsboro, OR-WA","Austin-Round Rock, TX","Charlotte-Concord-Gastonia, NC-SC","San Antonio-New Braunfels, TX","Columbus, OH","Providence-Warwick, RI-MA","Indianapolis-Carmel-Anderson, IN","Nashville-Davidson--Murfreesboro--Franklin, TN","El Paso, TX","Bridgeport-Stamford-Norwalk, CT","Urban Honolulu, HI","Raleigh, NC","Salt Lake City, UT","Kansas City, MO-KS","Jacksonville, FL","Louisville/Jefferson County, KY-IN","Cincinnati, OH-KY-IN","Hartford-West Hartford-East Hartford, CT","Stockton-Lodi, CA","Fresno, CA","Worcester, MA-CT","Cleveland-Elyria, OH","Bakersfield, CA","McAllen-Edinburg-Mission, TX","Cape Coral-Fort Myers, FL","San Juan-Carolina-Caguas, PR"
Afghanistan,"12,513",329,507,9,"1,648",98,558,780,490,51,197,446,170,106,503,89,81,155,5,55,41,"2,022",95,175,76,154,153,11,181,22,15,30,45,8,,,42,55,23,93,56,11,17,172,4,3,41,,,5,
Albania,"5,773","1,681",49,64,94,293,42,12,49,497,20,18,,386,13,12,711,36,29,6,200,,31,9,21,8,13,10,,35,9,11,7,,38,,11,5,5,179,,,102,,3,183,92,,,16,
Algeria,"2,180",400,37,31,108,147,59,152,31,84,29,20,8,241,8,8,13,4,8,17,6,21,6,52,8,4,37,3,28,127,3,39,4,,,,12,,79,,15,8,14,,3,3,6,,,,
Andorra,5,,,,,,,,,,,,,,,,,,,,,,,,,,,,,,,,,,,,,,,,,,,,,,,,,,
Angola,198,15,,8,9,,31,,9,27,4,,,6,,,,,,,3,,,,,,,,,,16,,,,,,3,,,,,,,,,,,,,,
Anguilla,20,6,,,,,,,,,,,,,,,,,,,,,,,,,,,,,,,,,,,,,,,,,,,,,,,,,
Antigua and Barbuda,324,165,,12,8,,,,3,9,18,,,4,,,,,9,5,4,,,,,,,,,,,,,,,,,,,,,,6,,,,,,,,3
Argentina,"4,091",544,262,"1,218",130,54,172,99,93,56,78,37,58,44,30,38,13,27,75,6,37,16,28,29,14,41,16,13,16,10,6,7,7,5,25,3,12,45,10,16,,7,7,3,,10,4,8,4,15,30
Armenia,"3,543",217,"2,466",12,61,16,7,48,9,62,17,21,25,28,14,5,16,9,5,,7,106,63,11,8,7,6,4,,7,12,,4,,3,4,,23,3,,,7,3,,41,5,4,3,,,
Aruba,23,,,,,,,,,,,,,,,,,,3,,,,,,,,,,,,,,,,,,,,,,,,,,,,,,,,
Australia,"3,239",482,432,56,55,99,80,184,59,75,47,134,62,30,73,16,22,43,28,23,20,20,26,48,22,46,31,24,13,9,6,6,27,,24,31,9,28,16,19,5,19,4,,4,8,8,,,,
Austria,432,69,40,24,12,14,12,21,8,14,9,6,13,5,4,6,4,4,4,4,3,,,,4,5,,8,,3,,3,,,4,4,4,,,,,,,,,,,,,6,
Azerbaijan,784,179,139,21,53,30,38,26,10,21,3,20,16,12,5,,3,,10,,,7,24,,10,6,,3,,4,,,,,,,6,,4,,,6,,,,,4,,,,
Bahamas,656,34,8,242,10,,13,,11,6,53,3,,4,,,5,,40,4,23,,,,11,,,,,4,,,5,,,,5,,4,7,,,,,,,,,,,
Bahrain,138,25,7,,7,19,3,4,4,,3,,7,7,5,,,3,,,3,,,,,,6,,,,,,,,,,,,,,,,,,,,,,,,
Bangladesh,"18,723","10,159",567,437,919,125,247,95,400,285,472,65,99,707,17,111,"1,181",86,99,32,55,51,9,25,118,56,91,10,42,26,28,19,28,,112,8,93,5,37,10,3,5,94,3,,10,56,9,,15,
Barbados,371,180,4,29,14,4,4,,,10,16,,,10,,,,,4,,,,,,4,,,3,,,3,,,,,,3,,,,,,3,,,3,,,,,
Belarus,"2,127",501,83,96,44,139,16,80,7,57,25,94,101,102,25,,13,4,22,60,17,79,10,27,14,25,24,18,,13,10,3,3,,12,,20,3,,12,,6,12,3,,4,16,,,,
Belgium,691,113,62,36,21,9,23,30,25,23,33,15,21,5,11,4,10,5,6,,4,,5,6,3,7,9,8,,,,,5,,6,,4,,,,,4,,,,,6,,,,
Belize,851,134,208,23,,106,33,7,26,3,11,5,,12,4,21,,14,,,18,,12,3,6,,6,,8,,,,3,,,,,,3,4,,,,,,,,,,3,3
Benin,577,109,,,72,38,7,,12,5,24,,,30,6,,6,,,9,,,,12,10,,,9,,7,,35,,,11,,,3,,,,6,,,,,,,,,
Bermuda,99,11,,4,,3,,,4,4,13,,4,3,,,,,7,,,,,,3,,,,,3,,,,,,,,,,,,,,,,,,,,,
Bhutan,"4,217",39,4,,19,92,51,10,145,30,256,70,,65,,,,33,,61,,,9,114,26,35,29,116,35,262,5,13,91,,,,9,28,39,,129,67,,,,73,116,,,,
Bolivia,"1,595",163,67,141,615,26,32,5,36,28,18,8,3,4,5,11,,4,11,10,18,6,14,7,,11,9,6,6,3,35,3,,,9,,3,9,3,5,3,5,11,3,,,,,,8,8
Bosnia and Herzegovina,971,79,24,13,34,107,12,6,19,10,26,26,13,10,7,10,18,23,6,9,19,5,10,15,4,8,7,6,,,,,5,,3,,,17,3,15,10,11,7,,,,9,,,,
Botswana,78,8,,,7,,,,,,5,,3,,,,,,,4,,,,,5,6,,,,,,,,,,,,,,,,,,,,,,,,,
Brazil,"13,812","1,735",511,"1,918",319,221,408,425,283,"1,462",514,188,172,178,175,46,93,70,644,53,144,42,69,57,78,55,117,100,34,33,136,29,27,5,311,35,61,122,50,72,13,33,51,14,8,212,22,7,12,70,10
Brunei,31,3,7,,,,,,,,,,,,,,,,,,,,,,,,,,,,,,,,,,,,,,,,,,,,,,,,
Bulgaria,"2,670",232,110,63,107,502,16,79,48,99,65,60,19,51,22,10,28,35,10,9,46,22,130,23,15,13,9,18,7,4,11,12,8,,15,6,11,7,10,18,5,12,4,,,6,11,,,5,
Burkina Faso,642,306,3,,37,3,21,,5,,16,13,,31,,,4,,,4,,,,,11,,,,,3,,7,,,,,,,4,,,16,,,,,10,,,,
Burma,"13,065",304,273,53,104,391,209,337,863,49,565,199,40,107,65,18,3,212,25,470,21,23,29,240,273,105,67,249,98,86,7,"1,071",273,,3,13,31,94,265,261,91,27,33,9,,4,22,13,,,
Burundi,415,10,3,,21,5,8,,19,7,10,5,,,16,,,21,,4,,,,8,8,7,,,,,8,,4,,,,,15,,3,5,4,,,,,,,,,
Cabo Verde,"2,242",24,,3,,,,,,"1,474",,,,3,,,,,4,,,,,,3,,,,,,614,,,,11,,,,,,,,,,,4,,,,,
Cambodia,"3,173",48,509,5,100,43,93,66,75,335,65,217,54,140,47,54,15,29,7,160,18,27,20,32,8,42,16,22,9,19,66,5,9,,9,8,4,20,4,15,10,38,3,39,22,3,15,7,,,
Cameroon,"4,899",207,99,14,"1,441",128,273,35,234,170,184,29,18,86,8,17,42,40,17,208,21,5,11,30,240,13,40,17,34,91,,22,8,,4,3,11,6,35,9,6,59,3,5,,50,6,5,5,,
Canada,"12,793","1,208",772,459,245,329,512,502,253,381,208,591,301,142,212,113,410,275,115,118,214,71,99,156,95,137,125,94,53,65,39,38,90,11,82,43,93,43,31,50,28,56,40,22,17,26,46,19,,49,
Cayman Islands,55,7,,11,,,,,,,3,,,,,,,,3,,7,,,,,,,3,,,,,,,,,,,,,,,,,,,,,,,
Central African Republic,202,12,,,15,10,,,9,,6,9,,3,,,,4,,,,,,11,10,,,,,5,,6,,,,,,,3,12,,3,,,,12,,,,,
Chad,136,14,,,8,,,,,,,,,,,,,,,,,,,4,,,,,,10,,,,,,,,,,4,,,,,,,,,,,
Chile,"1,698",222,63,318,64,42,28,45,26,37,24,39,27,24,20,25,7,21,49,16,10,11,9,23,11,15,20,14,,4,4,4,4,3,23,7,4,44,4,13,4,4,5,,,9,,,,3,4
"China, People's Republic","81,772","22,726","11,425",923,"2,060","2,078","1,706","7,517","1,218","2,485","1,012","2,088","2,705","1,689",807,"1,157",465,447,301,416,272,707,615,361,555,599,303,237,113,261,191,205,152,27,135,576,258,177,211,117,114,188,142,104,79,140,248,59,13,39,51
Colombia,"18,610","4,229",531,"4,209",413,325,742,143,261,506,551,107,56,183,80,114,38,91,817,74,486,27,82,69,70,41,80,197,95,35,165,33,42,8,218,11,67,42,21,114,25,20,85,6,9,45,13,7,10,78,120
Comoros,4,,,,,,,,,,,,,,,,,,,,,,,,,,,,,,,,,,,,,,,,,,,,,,,,,,
"Congo, Democratic Republic","6,791",71,52,7,225,138,115,17,595,137,300,146,8,75,40,9,4,128,14,52,8,16,22,189,94,50,44,229,33,30,13,72,78,,41,,155,96,45,39,100,75,3,,,57,37,,,,
"Congo, Republic",625,42,3,,14,38,28,5,16,7,30,39,3,3,9,,,60,12,,6,,,11,6,3,,13,3,16,7,4,5,,,,12,6,5,3,13,,,,,,9,,,,
Costa Rica,"2,224",500,78,223,48,47,50,34,51,33,61,11,11,44,17,15,5,54,63,14,49,8,16,21,12,29,28,46,8,,3,7,18,,31,3,17,10,,16,4,7,,,,4,6,3,,11,8
Cote d'Ivoire,"1,617",440,23,5,162,26,44,18,73,26,94,30,,59,18,6,19,7,3,30,5,5,11,9,23,,3,15,3,20,18,12,4,4,,4,,3,,5,7,20,4,,,11,46,,,,
Croatia,388,59,37,11,8,27,4,11,7,9,10,9,5,3,4,,9,5,,3,5,,6,5,,5,,3,,,,,,,,,,4,,3,,,,,,,6,,,,
Cuba,"66,516","1,178",252,"41,042",102,125,"3,170",62,483,57,284,20,22,74,82,77,9,519,"1,446",23,"4,234",19,"1,599",48,27,198,623,164,244,20,16,31,153,20,12,,37,26,103,519,"1,344",9,21,,,18,14,4,93,"1,307",56
Curacao,35,5,3,9,,,,,,,,,,,,,,,,,,,,,,,,,,,,,,,,,,,,,,,,,,,,,,,
Cyprus,131,40,12,6,4,5,,,3,,,3,4,4,,,,,,,,3,,,,,,,,,,,,,3,,,,,,,,,,,,,,,,
Czechia,650,64,37,21,26,63,7,26,14,17,17,24,19,14,7,5,4,9,3,3,6,3,7,13,5,9,,,,,,,8,,,3,10,3,5,4,,,,,,5,,,,,
Czechoslovakia (former),62,10,3,3,3,3,,3,,,,,,,,,,,,,3,,,,,,,,,,,,,,,,,,,,,,,,,,,,,,
Denmark,521,75,45,17,17,17,20,31,6,16,21,15,15,10,5,3,,,14,5,5,3,,,10,5,,,,,,,,,12,,11,4,3,3,,3,4,,,,,,,,
Djibouti,281,4,,,6,7,,,,6,8,7,,,,,,,,59,,,,9,5,,,,,8,,,,,,,,,,,13,,,,,,,,,,
Dominica,298,101,,19,12,3,4,,6,3,7,,,5,,,,,,,4,,,,9,,,,,,,,,,8,,,,,3,,,3,,,,,,,,
Dominican Republic,"61,161","35,495",118,"2,635",635,170,201,42,161,"4,660",425,28,6,"1,593",37,26,86,51,"1,075",54,481,22,55,31,141,17,25,215,48,106,"1,465",83,8,16,461,,136,39,34,74,17,63,243,,,336,72,3,8,118,"2,513"
Ecuador,"10,757","6,249",235,770,129,383,113,34,41,87,100,21,8,121,19,34,10,19,196,243,70,3,29,15,35,10,17,120,16,16,27,8,9,5,276,,10,28,16,16,3,7,55,,,38,5,8,,14,12
Egypt,"12,045","3,624","1,323",127,475,192,251,236,341,262,91,145,91,278,64,318,159,54,169,91,183,42,31,23,97,85,25,52,27,60,55,64,763,,15,4,54,10,21,15,13,37,24,3,6,89,78,36,7,11,
El Salvador,"23,449","3,046","4,125",505,"3,669",194,"1,760","1,184",945,673,357,130,199,56,44,457,24,106,72,125,51,78,310,118,261,65,78,207,79,55,70,70,106,8,33,8,79,84,65,17,14,14,23,34,142,79,12,87,9,27,10
Equatorial Guinea,18,,,,,,,,3,,3,,,,,,,,,,,,,,,,,,,,,,,,,,,,,,,,,,,,,,,,
Eritrea,"2,267",24,39,,250,40,83,162,123,36,116,175,32,38,23,3,5,45,6,63,10,9,52,77,32,26,24,33,36,67,3,46,20,,,,14,9,,5,11,13,,,,,7,,,,
Estonia,211,30,9,13,6,9,,18,,4,4,5,8,,3,,,4,7,7,3,3,3,4,5,3,,4,,,,,,,,,,,,,,3,,,,,,,,,
Ethiopia,"13,232",155,248,22,"2,938",202,268,245,568,244,713,906,184,155,154,34,26,105,14,"1,123",32,80,499,595,161,185,126,74,20,334,6,60,146,,4,,51,53,170,44,51,78,16,5,18,11,23,,,,
Fiji,866,9,45,,4,,4,194,7,,4,60,21,,5,12,,7,,,,242,6,,,29,,,,,,,,,,11,5,4,,,,,,25,,,,,,,
Finland,489,59,32,31,19,10,4,21,21,17,15,24,56,6,17,,7,7,6,6,10,,,,,6,,7,,,,,,,,,3,,,,,,,,,,3,,,,
France,"5,159",964,509,394,175,114,186,410,90,242,110,134,188,49,90,24,64,44,53,28,32,13,36,35,22,40,46,29,9,14,19,14,12,5,26,9,16,10,10,12,4,16,11,,5,11,6,,,6,4
French Polynesia,27,,5,,,,,4,,,,,,,,,,,,,,,,,,,,,,,,,,,,4,,,,,,,,,,,,,,,
Gabon,165,25,4,3,11,,10,3,8,3,13,,,,,,,,5,,,,,4,3,,,,,4,,,,,,,3,,,,,4,,,,,,,,,
Gambia,"1,247",353,7,,61,8,7,,30,9,123,143,3,15,4,3,27,4,4,38,,,,5,18,8,3,8,,34,21,,5,,3,,27,,10,,18,11,3,,,,,,,,
Georgia,"1,635",939,121,20,40,31,5,15,,12,17,8,19,116,9,3,4,,5,3,,12,5,8,16,17,6,,3,5,5,,,,10,,,8,,,3,12,,,3,,7,,,,
Germany,"5,306",648,347,170,182,127,109,260,61,176,108,128,149,71,74,54,108,43,56,38,43,30,29,61,38,67,37,67,32,26,18,17,21,20,27,27,30,17,25,15,12,21,23,11,10,13,21,7,3,39,9
Ghana,"6,949","1,891",56,20,869,227,89,44,179,118,304,28,4,228,23,39,24,33,18,95,25,7,16,116,157,22,16,53,11,375,46,18,38,6,22,,22,7,17,12,4,98,108,,,281,17,5,,,
Gibraltar,6,,,,,,,,,,,,,,,,,,,,,,,,,,,,,,,,,,,,,,,,,,,,,,,,,,
Greece,"1,451",368,73,53,45,92,30,49,17,110,20,24,20,53,12,7,24,25,7,5,30,7,11,,27,5,11,6,,7,14,3,,,11,6,3,,5,6,,,11,,,18,13,4,,,
Grenada,585,423,,14,14,,5,,5,7,8,,,,,,,,7,,,,,,,,,,3,,,,,,,,,,,,,,,,,,,,,,
Guatemala,"13,002","1,180","2,095",654,626,310,308,"1,035",185,416,273,87,96,99,149,310,18,145,53,76,60,45,115,54,75,147,61,66,56,19,396,30,65,4,142,,17,62,67,14,63,64,19,43,14,55,20,28,10,96,16
Guinea,"1,501",720,,3,105,13,10,9,12,32,95,28,,82,,,6,4,,34,,,,10,19,4,3,10,,76,10,20,,,,,6,,4,3,3,6,,,,,3,,,,
Guinea-Bissau,37,,,,,,,,,10,6,,,,,,,,,,,,,,,,,,,,8,,,,,,,,,,,,,,,,,,,,
Guyana,"5,771","4,182",26,172,122,13,15,3,20,43,100,3,,47,4,,9,15,184,55,38,7,,3,34,,,10,3,5,,,4,,3,,7,4,,19,,,55,,,,13,,,18,
Haiti,"23,584","5,928",35,"7,975",203,106,44,34,28,"1,855",279,25,,431,22,9,10,26,"1,481",26,290,7,16,23,24,12,15,36,14,45,117,21,31,4,334,,9,7,36,171,20,6,50,,7,58,3,,4,305,7
Honduras,"13,302","2,000",893,"1,753",762,208,928,265,386,268,276,88,66,105,50,149,28,54,127,71,164,20,88,49,117,40,143,212,101,42,53,72,66,15,62,,105,35,90,62,20,12,29,14,28,17,,13,13,84,13
Hong Kong,"2,510",446,483,44,52,49,38,369,57,77,22,117,154,34,24,25,15,8,8,11,,49,20,6,22,15,11,4,4,7,3,,,,7,40,4,,7,,,,,5,5,,3,,,,
Hungary,"1,048",182,88,79,30,26,18,32,18,23,11,16,34,13,17,12,9,12,15,7,22,11,15,9,,16,24,7,,,,4,3,3,19,9,10,5,12,11,,,,,,,,,,4,
Iceland,97,15,7,,7,,,4,4,6,,,,,,,,,,,,,,,5,4,,,,,,,,,,,,,,,,,,,,,,,,,
India,"64,687","10,768","2,108",447,"2,005","4,351","2,238","3,022","2,552","1,428","1,965","1,585","2,514","2,326",414,610,"1,069",656,366,597,476,"1,081",143,229,657,399,580,579,265,451,136,464,231,40,289,21,644,121,220,209,182,316,406,638,742,276,256,487,25,19,6
Indonesia,"2,129",218,299,15,61,30,86,114,51,60,57,109,51,74,25,116,12,21,11,16,12,16,12,47,12,19,12,5,9,14,,8,3,,7,6,5,6,8,7,,5,5,,3,,8,11,,4,
Iran,"13,298",506,"4,097",138,784,264,616,567,520,262,334,294,648,108,429,111,64,187,67,66,42,230,130,79,117,115,130,45,123,58,18,43,35,,19,,61,53,39,24,26,25,28,8,46,28,47,9,,3,
Iraq,"18,904",138,479,61,547,748,"1,010",70,852,203,191,532,47,136,"1,801",74,"2,268",820,81,152,92,390,81,283,88,268,518,27,293,275,37,79,343,17,4,4,101,203,86,157,232,18,39,7,7,120,152,,,,
Ireland,"1,759",397,62,22,45,93,24,141,27,171,20,48,65,42,23,8,10,11,12,7,9,12,,14,16,22,19,16,3,4,10,4,6,,13,6,18,5,,6,,9,11,,,9,10,,,,
Israel,"4,142","1,025",487,257,72,93,51,173,102,227,114,114,339,66,64,22,29,22,20,19,27,21,72,53,15,31,45,13,7,16,6,,8,,6,3,11,5,13,10,,13,8,,,7,25,,,4,7
Italy,"4,078",846,296,561,123,113,74,155,57,167,47,55,81,67,89,19,72,21,33,18,48,15,20,27,22,21,24,30,9,20,18,13,10,,31,8,15,9,6,13,,18,20,3,,10,7,,,8,4
Jamaica,"23,350","8,470",130,"3,850",583,220,149,42,125,377,"1,032",40,9,628,35,44,78,64,853,50,350,20,28,26,257,19,19,65,32,44,54,21,23,7,391,10,40,5,31,129,12,38,618,,4,62,61,4,,126,4
Japan,"5,207",649,772,47,122,119,56,261,81,89,90,204,214,53,140,46,57,44,32,27,20,28,53,32,40,71,25,21,25,33,8,11,12,4,19,409,14,14,22,17,6,23,5,,8,5,7,5,8,,3
Jordan,"5,269",566,291,85,159,603,169,118,216,88,62,56,55,72,60,125,192,67,33,56,81,35,20,34,36,18,33,30,27,105,11,43,41,6,5,,31,10,48,58,27,69,26,5,12,,92,14,,5,8
Kazakhstan,"1,310",288,94,54,66,53,47,23,20,27,17,40,40,24,33,7,11,7,12,12,10,23,11,22,11,37,9,20,3,7,,3,,,7,,9,,5,,,8,,,,,8,,,,
Kenya,"6,274",311,87,15,154,51,132,69,464,235,237,363,18,110,52,47,20,81,51,663,7,45,11,51,128,74,12,27,20,204,14,35,44,4,4,7,83,33,124,15,42,16,8,5,,125,14,3,5,,
Kiribati,9,,,,,,,,,,,,,,,,,,,,,,,,,,,,,,,,,,,5,,,,,,,,,,,,,,,
"Korea, North",47,,12,,,3,,,,,3,,,,,3,,,,,,,,,5,,,,,,,,,,,,,,,,,,,,,,,,,,
"Korea, South","21,801","3,113","4,453",106,"1,137",782,337,551,786,313,"1,083",673,566,342,312,252,225,133,55,78,59,75,111,131,243,186,241,76,51,51,21,39,59,35,39,194,101,78,60,17,30,146,39,14,9,34,34,13,14,,
Kosovo,"1,020",440,6,16,14,62,19,,20,11,20,12,3,15,8,,39,15,7,5,12,,,,5,5,4,3,4,,,,5,,15,,,,,3,10,3,6,,,5,,,,,
Kuwait,"1,186",118,76,18,44,73,47,28,61,19,25,28,18,19,19,12,58,13,7,13,5,7,3,7,7,8,9,3,,18,4,8,10,,,,18,9,13,3,3,8,,,5,9,18,,,,
Kyrgyzstan,847,189,43,22,33,115,14,38,11,10,8,29,18,40,3,3,,4,12,7,14,19,7,6,6,9,3,3,5,,4,,5,,5,,3,,,,,15,,,,,4,,,,
Laos,856,3,20,6,20,10,3,17,20,9,13,23,,,13,17,10,3,3,171,5,18,,17,3,12,,6,3,8,11,,14,,3,,,11,12,,,,4,5,42,5,,,,,
Latvia,391,47,33,13,16,22,6,7,9,11,8,10,11,,15,3,5,3,,,3,3,3,9,8,4,,,4,,,,,,4,,7,,,,,,,,,,,,,,
Lebanon,"2,971",204,331,89,124,60,151,38,90,157,39,37,26,25,49,61,547,33,26,26,29,16,21,10,4,27,14,6,16,24,53,6,7,4,13,,4,4,,24,3,19,3,,11,20,27,3,,,
Lesotho,19,5,,,4,,,,,,,,,,,,,,,,,,,,,,,,,,,,,,,,,,,,,,,,,,,,,,
Liberia,"3,619",252,7,8,215,20,51,24,85,81,121,23,,683,8,4,21,30,5,535,,26,4,31,94,9,7,90,5,57,123,43,14,,5,,11,3,16,5,28,8,9,6,,44,14,,,,
Libya,642,32,26,7,23,13,35,8,16,13,32,15,5,9,4,4,25,11,6,,13,10,,34,,11,7,5,4,18,,6,3,,5,,,,5,8,,4,,,,,,,,,
Lithuania,735,92,40,19,15,293,4,20,7,14,15,8,7,10,,,3,3,5,,11,5,5,4,,,3,12,,,,3,,,5,,,,,3,,4,3,,,,,,,,
Luxembourg,34,8,,4,,,,,,,,4,,,3,,,,,,,,,,,,,,,,,,,,,,,,,,,,,,,,,,,,
Macau,109,20,21,3,,7,,24,,,,,9,,,,,,,,,,,,,,,,,,,,,,,,,,,,,,,,,,,,,,
Macedonia,"1,262",364,10,34,22,261,13,7,17,13,5,7,6,10,4,6,85,10,6,3,5,,13,5,,4,5,,,24,3,3,,,5,4,,,,,,4,,,,7,6,,,,
Madagascar,88,10,,,22,,,,,3,,8,,,,,,,,,,,,,,,,,,,,,,,,,,3,,,,,,,,,,,,,
Malawi,205,5,,,19,4,6,,7,3,10,14,,4,,3,6,,,,,4,,11,,,3,,,3,,15,,,,,6,,,,,,,,,,,,,,
Malaysia,"3,382",350,117,26,61,135,127,114,190,43,123,75,62,38,17,23,12,85,14,22,8,16,15,64,43,23,19,69,32,25,4,178,44,,5,12,12,23,50,32,18,10,8,,4,,7,3,,,
Maldives,11,,,,,,,,,,,,,,,,,,,,,,,,,,,,,,,,,,,,,,,,,,,,,,,,,,
Mali,598,252,,,29,10,20,4,,,19,12,,64,,,,,,6,,,3,17,24,,,10,,7,,6,,,,,,,,,,29,,,,,,,,,
Malta,65,15,,,,,4,,,,,,,,,,,,,3,,,,,,,,,,7,,,,,,,,,,,,,,,,,,,,,
Marshall Islands,32,,,,,,,4,,,,,,,,,,,,,,,,,,,,,,,,,,,,,,,,,,,,,,,,,,,
Mauritania,317,53,,,34,4,,,,,,,,11,,,6,,,,,,,,,,,,,33,,7,,,,,,,,,22,59,,,,,,,,,
Mauritius,110,15,,,10,,6,5,,,4,5,6,3,,,,,4,,,,,,,,,,,,,,,,,,,,,,,,3,,,,,,,,
Mexico,"174,534","3,444","20,181","1,538",777,"9,756","7,857","4,150","9,572",245,"2,402","1,561","2,174",753,"7,379","7,814",748,"6,017",432,"1,108",603,"1,548","2,093","2,773",157,"1,593","2,110",954,"2,770",190,61,641,489,"4,558",148,47,502,"1,215",888,97,224,170,56,"1,108","1,637",54,149,"1,647","2,856",260,47
"Micronesia, Federated States",11,,,,,,,,,,,,,,,,,,,,,,,,,,,,,,,,,,,,,,,,,,,,,,,,,,
Moldova,"2,929",287,73,73,69,519,19,44,12,64,48,210,25,34,17,11,10,24,191,36,14,249,39,34,18,79,,11,14,,,10,3,,5,,22,7,9,,9,19,7,,,,21,4,,,
Monaco,11,4,,,,,,,,,,,,,,,,,,,,,,,,,,,,,,,,,,,,,,,,,,,,,,,,,
Mongolia,750,21,82,,95,116,,143,,7,,50,5,4,4,,,,,10,,19,9,48,8,3,3,,,,,,,,,,,5,,,,4,,,,,,,,,
Montenegro,387,229,17,6,7,29,,,3,,,,,6,,,35,,,,,,4,,,3,,,,,,,,,3,,,,,,,,,,,,,,,,
Montserrat,14,,,,,,,,,6,,,,,,,,,,,,,,,,,,,,,,,,,,,,,,,,,,,,,,,,,
Morocco,"4,586",828,123,112,395,165,77,67,92,481,109,29,17,185,20,33,33,19,217,38,51,20,25,80,48,24,36,31,12,59,24,25,6,,39,3,99,10,11,17,16,45,16,3,,13,15,,,4,3
Mozambique,101,8,,3,3,4,4,,12,,,3,,,3,,,,,,,,,5,,,,,,,3,,,,,,4,,,,,,,,,,,,,,
Namibia,87,,,,4,5,,,,,3,,,,,,,,,,,,,,3,,,,5,,,,,,,,,,,,3,,,,,,3,,,,
Nepal,"12,851","1,458",319,23,956,275,302,509,"1,102",423,286,251,151,136,39,32,51,74,24,175,15,102,26,281,438,77,200,138,34,226,39,28,90,9,14,57,129,95,73,12,136,77,82,11,,63,119,4,,,
Netherlands,"1,319",157,80,46,33,32,51,63,25,52,41,37,40,20,21,9,13,12,17,11,10,7,7,11,4,22,20,13,6,,4,,8,,14,3,11,4,4,7,,10,4,,,6,6,,,5,
Netherlands Antilles (former),18,4,,,,,,,,,3,,,,,,,,,,,,,,,,,,,,,,,,,,,,,,,,,,,,,,,,
New Zealand,846,81,100,11,26,26,22,44,17,18,11,37,17,10,15,11,8,8,8,14,,9,6,13,9,11,8,10,6,,,,,,6,12,,11,3,3,,7,5,,,,3,,,,
Nicaragua,"3,486",203,273,"1,308",158,40,108,187,51,28,48,19,18,21,12,66,,20,38,15,15,12,34,13,11,7,20,38,15,7,5,28,19,,15,,5,7,7,18,,8,5,10,,3,,,,20,9
Niger,119,24,,,11,,,,,,,,,4,,,,,,,,,,,,,,,,,,13,,,,,,,,,,4,,,,,,,,,
Nigeria,"14,380","1,977",475,140,"1,083",702,"1,400",175,934,370,"1,050",72,34,335,44,158,190,115,100,265,79,96,37,70,724,53,119,67,75,104,137,267,92,13,17,5,92,7,61,57,16,62,25,30,17,23,61,13,19,,
Norway,362,36,17,16,6,10,57,22,6,5,7,12,17,10,3,,,,5,4,5,3,4,,,3,4,,3,,3,,,,5,4,,,,,,,,,,,,,,,
Oman,116,7,5,,3,8,8,,10,,4,3,,13,,,5,3,,,,,4,,,,,,,,,,,,,,,,,,,,,,,,,,,,
Pakistan,"19,313","4,910",629,238,"1,457","1,220","1,310",486,762,223,484,215,205,500,53,189,325,61,145,73,74,350,43,70,463,34,154,31,73,86,77,96,21,6,74,4,53,72,100,19,33,62,146,313,22,61,47,42,5,,
Palau,14,,,,,,,,,,,,,,,,,,,,,,,,,,,,,,,,,,,3,,,,,,,,,,,,,,,
Panama,"1,029",187,36,134,33,16,23,12,22,13,29,13,,10,7,8,5,7,28,,20,5,16,9,29,4,10,8,17,3,,3,6,4,3,,,9,4,17,,4,,,,3,,,8,,8
Papua New Guinea,23,,,,,,,,,,,,,,,,,,,,,,,,,,,,,,,,,,,,,,,,,,,,,,,,,,
Paraguay,434,172,17,49,28,,12,4,6,,3,4,,5,3,,,4,5,3,,,,5,,4,,,,,,,,,5,,,4,,,,,4,,,,,,,4,4
Peru,"10,940","2,836",731,"1,480",815,169,205,318,176,143,202,110,82,82,41,145,25,76,201,40,127,46,89,73,56,35,17,84,39,23,25,37,27,6,121,13,33,157,32,37,15,41,120,14,6,17,24,21,5,39,21
Philippines,"53,287","3,816","6,586",937,"1,190","1,900","1,109","3,281",642,237,248,"1,362","1,278",412,"1,897","1,340",299,631,472,321,339,875,"1,350",186,367,334,156,154,306,80,69,126,322,60,112,"2,463",92,101,144,339,79,750,58,508,159,49,103,329,58,45,3
Poland,"5,603","1,549",130,116,64,"1,825",47,90,53,63,43,58,77,104,31,31,92,17,18,19,41,14,14,22,25,17,16,10,10,3,19,7,5,5,63,4,4,6,,13,9,14,149,,4,21,18,,,10,
Portugal,"1,006",253,22,64,26,9,12,21,4,95,13,23,29,15,,7,5,,9,,6,8,,,11,3,,,,,140,,,,10,,,3,,,,,7,3,,3,,,,,
Qatar,272,26,14,3,16,9,21,7,14,5,4,3,6,3,4,6,16,3,,,,,3,6,,,3,,,,,3,,,,,,,12,,,,4,,,,7,,,,
Romania,"3,554",375,208,192,87,396,63,92,43,79,105,139,51,43,31,35,168,153,21,27,33,60,46,15,21,105,40,28,12,11,4,10,9,,31,3,5,7,,20,,7,10,,,6,39,3,,7,
Russia,"9,297","1,851",789,468,325,374,147,468,97,336,147,423,298,260,151,35,67,57,97,66,87,129,64,110,80,122,67,69,19,28,29,15,25,6,49,14,51,39,33,30,14,40,26,8,8,27,54,5,3,12,5
Rwanda,"1,357",5,,3,19,41,26,,96,18,61,18,3,9,4,19,3,45,10,3,,,8,22,13,23,34,12,17,5,4,8,13,,,,14,49,5,26,24,9,,,,14,4,,,,
Saint Kitts and Nevis,250,62,,28,3,,,,4,,12,,,,,,,,7,,6,,,,3,,,3,,,,,,,3,,,,,,,,4,,,,,,,,8
Saint Lucia,777,388,7,30,10,5,23,3,10,18,20,3,,9,,,4,,26,,11,,,,4,,3,,,,6,,,,3,,,,,,,,31,,,3,,,,,
Saint Vincent and the Grenadines,422,270,4,11,13,,3,,,6,11,,,12,,,,,4,,,,,,4,,,,,,,3,,,,,5,,,,,3,,,,,,,,,
Samoa,219,,22,,,,,3,,,,33,7,,,5,,3,3,,,,4,,,5,,,,,,,,,,29,,32,,,,,,,,,,,,,
Sao Tome and Principe,12,,,,,,,,,,,,,,,,,,,,,,,,,,,,,,,,,,,,,,,,,,,,,,,,,,
Saudi Arabia,"2,117",221,165,26,155,114,101,69,87,48,24,40,31,38,22,28,82,17,26,24,7,13,10,24,23,33,6,11,8,42,4,14,5,,,,12,4,15,8,5,16,11,6,9,4,16,3,,,
Senegal,"1,533",496,12,7,101,16,22,6,17,29,76,28,,26,5,3,36,4,4,5,7,,,9,32,3,4,12,3,91,47,25,7,,,,15,,11,5,34,65,3,,,3,3,,,,
Serbia,"1,351",224,70,76,51,308,9,34,8,24,22,14,20,12,30,9,12,15,8,,17,10,26,6,7,7,12,10,3,6,,10,,,4,,,5,,7,3,,4,,,3,17,,,3,
Serbia and Montenegro (former),202,81,11,4,3,10,,,3,7,4,,,3,,,13,,,,,,,,,,,,,,,,,,3,,,,,,,,,,,,,,,,
Seychelles,16,,,,,,,,,,,,,,,,,,,,,,5,,,,,,,,,,,,,,,,,,,,,,,,,,,,
Sierra Leone,"1,535",241,26,4,432,14,28,13,45,39,63,18,13,164,3,3,5,23,,31,3,15,4,,40,8,4,11,,86,4,7,8,,3,,4,3,5,3,,,,3,,,,,,,
Singapore,812,134,69,9,26,34,40,89,16,11,7,38,54,7,17,6,3,5,4,3,4,,,6,4,8,12,,4,3,3,,4,,8,5,6,,,3,,3,3,,,,,,,,
Sint Maarten,42,14,,3,,,,,,,3,,,,,,,,7,,,,,,,,,,,,,,,,,,,,,,,,,,,,,,,,
Slovakia,483,112,27,25,17,44,6,9,8,9,5,3,6,9,4,7,3,5,,5,4,,,4,7,4,,,,3,,,3,,10,3,3,,,3,,,,,,,3,,,,
Slovenia,119,17,7,10,3,6,,5,,,,5,7,,,,,,,,,3,,,,,,,,,,,,,,,,,,,,,,,,,3,,,,
Solomon Islands,3,,,,,,,,,,,,,,,,,,,,,,,,,,,,,,,,,,,,,,,,,,,,,,,,,,
Somalia,"6,958",9,22,,59,57,24,,125,66,102,362,11,,106,,3,77,,"1,499",16,,3,126,,109,12,12,11,714,5,26,120,,,,13,93,79,,149,20,3,,,23,7,,,,
South Africa,"3,023",223,147,155,112,76,147,63,111,71,87,90,35,49,30,12,27,30,33,127,35,9,22,41,15,31,27,35,13,40,9,13,19,,32,5,21,16,18,14,16,12,5,3,,11,12,8,,9,
South Sudan,124,,,,5,,3,,3,5,,4,,,6,,,8,,4,,,,3,,,,,,,,,3,,,,,,3,3,3,,,,,,,,,,
Soviet Union (former),"1,042",320,92,47,27,48,23,60,6,44,14,26,17,21,9,8,5,7,8,8,6,13,6,4,7,14,6,,,,4,,,,5,,3,,3,,,4,,,,4,,,,,
Spain,"3,519",503,163,873,85,83,105,119,53,165,51,73,89,38,48,18,20,23,57,15,26,8,18,35,13,26,41,24,13,6,14,10,,,9,3,13,8,10,12,14,13,9,,3,18,9,,5,11,39
Sri Lanka,"1,913",401,231,25,138,58,37,59,60,42,29,31,38,29,17,23,22,12,9,27,11,9,30,12,10,29,21,,16,17,3,3,8,,8,6,3,5,,10,6,6,19,6,5,3,8,,,,
Sudan,"3,159",190,62,20,355,110,61,46,136,64,47,27,13,78,5,7,27,80,7,18,21,5,7,106,53,6,37,11,25,28,,20,26,,,,20,43,33,19,15,6,30,6,,,25,,,6,
Suriname,156,86,,17,3,,,,,,5,,,3,,,,,4,,,,,,,,,,,,,,,,,,,,,,,,,,,,,,,,
Swaziland,20,3,,,4,,,,,3,,,,,,,,,,,,,,,,,,,,,,,,,,,,,,,,,,,,,,,,,
Sweden,"1,144",174,111,44,34,37,15,75,28,32,6,31,62,12,25,9,13,11,9,3,20,5,,15,6,21,10,13,4,,3,3,3,,17,10,12,,,4,4,,3,3,,3,4,,,13,
Switzerland,743,134,68,59,17,27,8,45,11,39,26,14,14,5,21,3,4,4,8,4,3,4,3,7,4,10,5,3,,,,3,,,7,7,,6,,,,4,,,,,,,,4,
Syria,"4,800",388,725,70,154,288,137,75,102,78,40,36,24,76,124,234,254,85,41,22,31,34,31,16,24,46,13,17,20,34,54,20,15,,19,3,9,13,14,137,31,15,23,8,9,20,88,20,17,,
Taiwan,"5,120",518,973,61,170,104,115,416,145,144,53,224,556,57,121,144,31,38,17,20,25,29,19,30,31,90,67,15,14,23,10,16,7,8,9,27,25,12,15,6,11,18,9,,16,,6,6,,,
Tajikistan,593,282,14,3,48,12,,13,7,10,4,4,,15,,,,,8,12,,3,,28,,3,6,,,,,,,,,,4,,5,,,4,,,,,,,,,
Tanzania,788,49,11,3,72,19,38,9,20,29,26,27,,10,4,,7,7,15,23,3,4,,7,17,,,4,5,27,5,4,4,,,,8,12,17,,11,3,,,,3,4,,,,
Thailand,"7,039",273,601,92,218,165,156,183,160,108,174,195,74,62,77,87,41,85,32,355,51,35,105,71,28,104,48,23,55,24,12,73,49,5,9,71,18,52,69,28,31,15,30,5,14,18,14,8,3,7,
Togo,"1,938",358,5,,264,66,23,4,54,4,99,17,,45,12,3,5,15,3,83,8,,4,11,12,3,,38,8,24,,24,4,5,3,,10,13,16,4,28,13,37,,,6,,,,,
Tonga,283,,22,,,,,56,5,,,9,11,,,10,,11,,,,14,3,,,22,,,,,,,,,,22,,37,,,,,,,,,,,,,
Trinidad and Tobago,"3,469","1,901",21,281,126,14,108,13,28,57,109,4,,93,3,4,4,8,79,8,53,,5,,75,,5,12,,7,9,3,5,,10,,9,,,7,,4,14,,,6,4,,,3,
Tunisia,518,71,33,18,30,15,15,23,8,7,9,,5,20,5,4,22,5,23,7,13,,,3,3,6,,3,4,6,,4,4,,,,3,,3,,,,,,,,,,,,
Turkey,"4,469","1,061",275,138,189,133,173,180,72,188,125,112,113,173,63,23,29,36,45,14,41,28,11,24,30,28,33,28,20,25,12,17,16,4,17,7,39,11,20,25,5,9,14,,4,8,21,,,,
Turkmenistan,235,78,14,12,7,12,10,,4,,,10,5,5,,7,3,,3,9,,,,,,,,4,,,3,,,,,,,4,,,,,,,,,,,,,
Turks and Caicos Islands,39,,,23,,,,,,,,,,,,,,,3,,,,,,,,,,,,,,,,,,,,,,,,,,,,,,,,
Uganda,"1,649",55,71,6,97,46,22,19,45,269,30,41,7,8,20,8,13,30,,57,9,3,,47,29,9,,5,4,39,9,16,14,,3,,3,15,9,5,13,8,4,,,24,8,,,,
Ukraine,"10,422","2,117",390,258,224,"1,231",88,218,87,203,105,598,171,421,88,24,273,62,68,89,59,400,41,94,70,247,56,52,17,41,6,19,12,5,99,5,45,23,25,58,6,21,69,,13,13,174,4,,9,
United Arab Emirates,"1,370",155,85,26,90,64,99,38,78,23,23,31,37,33,17,16,53,13,11,13,5,10,,9,11,8,12,10,,27,3,6,7,,6,,5,8,9,5,3,18,6,4,,,9,,,,
United Kingdom,"12,673","1,698",931,404,371,308,657,617,324,438,302,269,237,228,156,87,114,140,276,103,167,80,74,118,97,144,115,109,57,48,46,65,57,,131,22,86,34,35,70,25,71,37,12,17,35,31,8,,44,3
United States,468,65,40,24,31,9,16,6,16,12,11,4,3,7,9,4,8,17,9,4,4,3,3,4,6,,6,,5,,,,3,,,,,,3,,,,,,,,,,4,3,
Uruguay,972,247,23,230,37,12,21,5,11,15,39,,4,8,4,4,,4,24,,20,,3,,6,,,9,,,6,,4,,17,,5,12,,5,,,4,,,33,7,,,4,6
Uzbekistan,"4,359","2,575",129,34,65,95,26,54,12,37,30,42,20,212,36,6,17,18,17,22,6,38,12,42,66,12,7,13,3,11,13,6,63,,,,7,7,5,9,4,60,10,,,3,21,,,10,
Venezuela,"10,772",646,180,"4,783",208,122,844,109,185,119,245,48,25,82,35,28,29,44,679,28,195,14,26,54,31,29,54,57,24,18,18,39,24,10,26,9,37,70,19,61,31,18,12,,,22,18,,17,42,112
Vietnam,"41,451",745,"6,668",446,"1,220",676,"2,679","1,418","1,855","1,088","1,388","1,721","3,252",765,887,557,236,481,367,477,373,753,224,524,191,802,321,322,150,72,39,99,130,,45,232,147,173,195,137,114,104,112,198,68,198,67,32,27,54,
"Virgin Islands, British",40,11,,,,,,,,,4,,,,,,,,,,,,,,,,,,,,,,,,,,,,,,,,,,,,,,,,
Yemen,"13,040","4,606",48,9,45,314,20,809,17,6,10,49,5,76,8,13,"3,389",4,6,18,4,26,,,24,4,,38,,13,,10,50,,,,30,,6,,7,4,41,61,189,,7,203,,,
Zambia,487,34,10,,32,25,6,,27,13,39,12,4,5,,3,4,15,13,12,3,3,,7,4,4,3,4,,3,3,9,9,,,,,9,7,3,,,3,,,8,4,,,,
Zimbabwe,815,53,18,19,63,11,25,9,102,20,28,9,4,27,8,8,8,14,10,5,10,3,,8,9,10,,10,,9,,16,7,,,,16,3,8,,10,12,,,,7,,5,,,
