Country,Total,"New York-Newark-Jersey City, NY-NJ-PA","Los Angeles-Long Beach-Anaheim, CA","Miami-Fort Lauderdale-Pompano Beach, FL","Washington-Arlington-Alexandria, DC-VA-MD-WV","Houston-The Woodlands-Sugar Land, TX","Dallas-Fort Worth-Arlington, TX","San Francisco-Oakland-Berkeley, CA","Chicago-Naperville-Elgin, IL-IN-WI","Seattle-Tacoma-Bellevue, WA","Boston-Cambridge-Newton, MA-NH","San Jose-Sunnyvale-Santa Clara, CA","Atlanta-Sandy Springs-Alpharetta, GA","Philadelphia-Camden-Wilmington, PA-NJ-DE-MD","Orlando-Kissimmee-Sanford, FL","San Diego-Chula Vista-Carlsbad, CA","Phoenix-Mesa-Chandler, AZ","Detroit-Warren-Dearborn, MI","Riverside-San Bernardino-Ontario, CA","Tampa-Saint Petersburg-Clearwater, FL","Minneapolis-Saint Paul-Bloomington, MN-WI","Austin-Round Rock-Georgetown, TX","Denver-Aurora-Lakewood, CO","Sacramento-Roseville-Folsom, CA","Las Vegas-Henderson-Paradise, NV","Charlotte-Concord-Gastonia, NC-SC","Baltimore-Columbia-Towson, MD","Portland-Vancouver-Hillsboro, OR-WA","San Antonio-New Braunfels, TX","Columbus, OH","Raleigh-Cary, NC","Indianapolis-Carmel-Anderson, IN","Nashville-Davidson--Murfreesboro--Franklin, TN","Bridgeport-Stamford-Norwalk, CT","Salt Lake City, UT","Cincinnati, OH-KY-IN","Providence-Warwick, RI-MA","El Paso, TX","Hartford-East Hartford-Middletown, CT","Saint Louis, MO-IL","Kansas City, MO-KS","Jacksonville, FL","Worcester, MA-CT","Louisville/Jefferson County, KY-IN","McAllen-Edinburg-Mission, TX","Stockton, CA","Cleveland-Elyria, OH","Trenton-Princeton, NJ","Milwaukee-Waukesha, WI","Oklahoma City, OK","Cape Coral-Fort Myers, FL",Non-CBSA,Other & Unknown
Afghanistan,9488,144,227,9,1470,357,473,434,77,537,41,49,141,69,3,341,74,20,75,5,34,123,215,2092,30,37,61,45,440,25,22,25,27,,23,3,,,14,84,35,43,,16,,66,58,4,5,,5,18,1389
Albania,2612,812,18,45,39,18,22,8,125,19,183,3,14,149,18,4,10,307,4,95,4,,3,,11,3,8,4,3,18,,4,7,17,4,,4,,50,29,,89,75,,,,34,,19,4,4,10,307
Algeria,1898,305,40,22,58,62,36,121,165,21,77,,8,204,14,13,15,17,4,13,13,34,41,10,9,5,5,4,13,125,11,32,,,,5,4,,10,,90,,13,9,,,,,4,,4,13,236
Andorra,,,,,,,,,,,,,,,,,,,,,,,,,,,,,,,,,,,,,,,,,,,,,,,,,,,,,
Angola,208,13,5,18,12,32,8,,,4,9,,4,6,,,,,,3,,,,,,,,,,,,,,,,6,10,,,,,,,,,,,,,,,4,53
Anguilla,11,,,,,,,,,,,,,,,,,,,,,,,,,,,,,,,,,,,,,,,,,,,,,,,,,,,,4
Antigua and Barbuda,201,85,3,20,4,,,,,,4,,7,12,7,,,,,,,,,,,3,,,,,,,,4,,,,,4,,,,,,,,,,,,,5,27
Argentina,3248,365,184,1007,116,132,74,60,54,48,37,26,45,26,56,25,23,13,22,33,18,10,18,5,23,14,14,23,6,14,15,20,5,20,34,6,11,4,5,10,10,5,,5,6,,12,,11,6,16,14,537
Armenia,1833,77,1370,14,25,,14,15,10,11,20,28,4,7,3,6,11,5,9,4,,,5,26,24,,6,9,,,,,,,,4,3,,3,,,4,,4,,,,5,,,,,94
Aruba,28,9,,5,,,,,,,,,,,3,,,,,,,,,,,,,,,,,,,,,,,,,,,,,,,,,,,,,,3
Australia,2682,410,314,45,77,63,52,122,90,120,71,58,48,37,26,47,42,33,23,17,14,39,58,6,24,19,17,46,6,5,10,7,27,13,14,11,4,,4,7,6,7,,7,,,4,6,5,9,3,32,571
Austria,359,50,33,13,17,9,8,8,12,9,10,10,10,5,6,4,5,7,3,4,,,3,4,,3,,3,,,,,,7,,,,,,,,,,,,,3,,,,5,,84
Azerbaijan,545,105,79,22,42,17,5,19,19,20,26,18,5,8,4,6,,,,3,3,6,3,,,5,9,,,5,,,,,3,,7,,3,,6,,3,,,,3,,,,,,70
Bahamas,997,47,4,384,11,14,5,,7,,4,,68,7,95,,4,7,,36,,7,,,,7,6,,6,3,11,3,8,,,,,,4,5,,6,,4,,,5,,,,9,13,191
Bahrain,151,18,4,8,8,16,7,7,6,3,5,,,,3,,,,,,,,,,,,,,,,,,4,4,,6,,,3,,,,,,,,,,,,,,27
Bangladesh,6405,2628,212,161,351,115,165,50,42,40,103,66,148,252,55,25,30,477,23,27,40,47,22,8,11,6,46,53,7,21,30,21,9,28,9,12,10,,23,9,9,4,7,,,6,16,17,9,16,10,32,893
Barbados,269,90,,25,13,5,3,,,,16,,13,8,7,,,,,3,,,,,,3,,,,,,,,,,,,,,3,,,,,,,,,,,,,64
Belarus,1435,239,82,83,20,29,25,61,103,61,48,71,18,83,13,14,3,3,3,17,21,13,42,27,6,28,7,14,,7,9,,,16,6,,,,7,,,8,,,,,8,,,,3,10,213
Belgium,601,101,40,31,25,18,14,32,14,14,12,16,29,9,11,17,10,5,,,7,5,5,,6,8,,,,,3,,,,,3,3,,,,,,,,,,,,,3,,4,141
Belize,670,83,154,17,13,33,24,6,74,5,14,,17,,5,3,5,,10,,8,3,,,11,3,,4,9,,,,3,,3,3,,,,,3,,,,,,,,,6,,7,126
Benin,467,66,5,,59,9,10,,22,5,,,12,17,,5,,3,,,10,,11,,10,7,4,,,8,,39,,,,9,,,,,3,3,,,,,,,4,,,,122
Bermuda,71,7,,3,4,,,,,,,,5,,,,,,,,,,,,,6,,,,,,,,,,,3,,,,,,,,,,,,,,,,21
Bhutan,137,32,3,,,,,5,,,,,3,,,,,,,,,,,,,,3,,,11,,,,,,5,,,,4,,,,,,,3,,,,,,53
Bolivia,1121,84,40,115,409,26,18,11,9,7,16,3,5,7,21,,7,,10,12,4,3,5,,6,6,19,5,5,3,,3,,4,10,,27,,,5,,,,,,,,,,,8,8,183
Bosnia and Herzegovina,478,41,14,16,7,4,11,5,46,7,14,6,11,4,3,,13,11,,12,,4,5,,9,,,5,,,4,,,5,3,3,,,6,17,,5,,9,,,3,,3,,,5,152
Botswana,58,4,,,3,,,,,,,,,3,4,3,,,,,,,,,,,3,,,,,,,,,,,,,,,,,,,,,,,,,,16
Brazil,18351,1886,716,2771,445,324,362,388,316,230,1472,195,458,289,1530,303,112,359,78,287,87,166,105,28,78,193,104,94,43,49,91,52,38,321,156,44,128,16,79,73,46,110,240,20,7,4,30,28,31,17,77,97,3178
Brunei,24,3,,,,,,3,,,,,,,,,,,,,,,,,,,,,,,,,,,,,,,,,,,,,,,,,,,,,5
Bulgaria,1000,83,33,56,68,14,12,26,154,17,26,20,24,28,9,7,10,,,15,8,7,8,,38,4,12,6,,,,10,,3,4,3,,,,16,,,,,,3,5,,5,4,,29,213
Burkina Faso,551,227,3,,40,34,10,3,5,13,,,7,13,,,,,,,3,4,5,,,3,13,,,13,,,,,,16,,,,,,,3,,,,6,,3,,,5,104
Burma,2143,64,71,8,27,27,107,69,56,30,13,7,62,12,6,4,39,,,3,90,11,17,6,7,32,27,20,8,15,,228,51,,19,,,,3,4,33,19,,5,,,,,89,16,,25,804
Burundi,730,,,,11,28,56,,6,6,5,,14,,,,51,,,3,13,5,8,,12,,,5,8,11,30,9,14,,23,9,,,,,6,,,13,,,5,,,,,,365
Cabo Verde,941,10,,,4,,,,,,609,,,,,,,,,,,,,,,,,,,,,,,,,,263,,,,,,,,,,,,,,,,41
Cambodia,1762,7,237,7,61,69,42,32,31,114,191,21,69,48,,20,24,3,41,5,63,14,19,10,12,8,,18,3,10,3,7,8,5,25,13,23,,4,3,,16,4,13,,15,5,,,6,,41,386
Cameroon,3578,125,55,12,826,226,221,19,71,33,80,15,122,73,12,7,43,40,6,20,151,39,19,,14,24,165,7,47,101,6,18,8,,4,46,7,8,4,11,26,18,23,12,6,4,17,4,9,96,,10,663
Canada,9978,961,635,376,174,426,227,351,240,409,257,289,199,122,127,162,252,296,102,146,103,97,110,38,99,75,58,102,38,58,50,38,68,47,24,27,26,17,26,40,23,34,29,15,5,22,47,12,20,25,44,234,2576
Cayman Islands,58,5,,9,,,,,,,,,,5,5,,,,,4,,,,,,,,,,,,,,,,,,,4,,,,,,,,,,,,,,15
Central African Republic,151,7,,,34,,8,,18,13,,,3,,,3,,,,5,,,14,,,,3,,,,,,,,16,,,,,,,,,,,,,,,,,,15
Chad,100,20,,,6,3,,,7,4,,,,,,,,,,,,,6,,,,,,,,,,,,3,,,,,,,,,,,,,,,,,,37
Chile,1632,211,96,258,65,40,24,44,33,46,32,11,29,23,43,21,18,3,9,22,23,13,19,4,14,10,5,28,6,6,10,7,4,18,39,,,,,4,,10,3,,,,3,,5,3,4,10,346
"China, People's Republic",49847,8947,6638,371,1169,1219,855,4222,1374,3035,1913,4127,637,968,221,679,349,458,1285,139,287,332,237,327,453,164,292,404,90,167,210,149,94,115,158,173,93,14,87,161,81,65,100,43,5,52,123,157,95,94,15,234,6170
Colombia,15293,2840,403,3671,394,565,267,99,301,96,404,54,358,151,722,86,98,36,80,436,76,85,88,17,84,159,60,49,77,35,60,39,44,178,81,24,82,9,48,19,19,86,34,38,10,5,26,17,25,23,83,87,2465
Comoros,,,,,,,,,,,,,,,,,,,,,,,,,,,,,,,,,,,,,,,,,,,,,,,,,,,,,
"Congo, Democratic Republic",3906,17,11,6,60,110,242,3,71,60,26,7,131,16,4,24,170,5,,23,48,27,102,,17,80,24,18,20,85,57,46,77,,83,68,13,,6,12,104,13,18,153,,,38,,3,7,,23,1772
"Congo, Republic",219,18,4,,19,13,6,3,11,,5,,10,,,,8,,,,3,3,8,,,,,,,6,3,,,,,7,,,,,,,,,,,,,,,,4,70
Cook Islands,,,,,,,,,,,,,,,,,,,,,,,,,,,,,,,,,,,,,,,,,,,,,,,,,,,,,
Costa Rica,1991,427,63,203,61,48,39,15,29,25,42,10,61,44,51,9,16,7,14,59,25,19,14,7,6,55,8,11,22,,8,8,12,30,8,6,12,,,7,6,18,3,5,,,3,39,,5,18,12,396
Cote d'Ivoire,1207,268,20,8,102,36,80,3,21,31,18,4,62,56,3,4,9,7,3,5,17,6,15,5,4,9,32,,5,24,5,7,7,,10,17,3,,,6,4,5,3,,,,8,3,4,9,,3,245
Croatia,294,54,25,13,10,9,7,12,15,9,4,7,5,6,,,7,4,,5,,,,,4,,,4,,,,3,,4,,,,,,,3,,,,,,,,,,,4,58
Cuba,23077,389,83,13005,22,1517,396,16,42,19,26,8,133,21,429,18,159,6,7,1667,18,424,40,,555,46,6,45,144,8,24,4,57,,,4,7,16,4,4,43,191,3,498,24,,,,8,13,578,68,2274
Curacao,29,3,,8,,,,,,,,,,,,,,,,,,,,,,,,,,,,,,,,,,,,,,,,,,,,,,,,,9
Cyprus,102,32,9,6,11,3,,,,,,,,3,,,,,,,,3,,,,3,,,,,,,,,,,,,,,,,,,,,,,,,,,13
Czechia,496,50,28,28,19,7,7,16,37,12,9,12,9,9,5,13,3,11,,15,4,3,6,,4,,4,14,,,3,,,4,,,,,,4,4,,,,,,,,,,3,8,130
Czechoslovakia (former),48,3,,,,,,4,7,,,,,,,,,,,,,,,3,,,,,,,,,,,,,,,,,,,,,,,,,,,,,14
Denmark,322,46,34,13,15,5,,14,12,6,16,10,10,,3,,4,3,4,5,4,8,,,,,3,3,,,3,,,4,,,,,,,,,,,,,,,3,,,5,69
Djibouti,111,4,,,,,,,3,6,,,,,,,,,,,35,,4,,,,,,,5,,,,,,,,,,,,,,,,,,,,,,,41
Dominica,279,94,6,25,13,13,8,,,,3,,7,7,8,,,,,10,,,,,,,,,,,,,,4,,,,,,,,,,,,,,,,,,31,34
Dominican Republic,24553,12331,45,1291,294,107,100,13,90,28,1680,,224,907,607,17,64,49,18,242,36,15,22,7,27,148,81,8,27,62,71,41,24,186,24,55,573,,94,12,7,53,163,7,8,,32,110,24,9,54,203,4256
Ecuador,7532,3841,164,621,117,108,41,23,183,33,68,6,54,93,142,21,29,9,29,80,129,20,11,,24,127,36,7,16,16,12,8,19,163,26,12,24,,46,15,9,14,36,11,11,,8,59,5,6,39,34,920
Egypt,4396,914,516,64,202,135,67,119,104,76,95,45,50,103,94,41,48,77,130,97,29,17,21,21,15,12,30,44,16,27,25,38,148,14,8,16,25,,11,12,6,19,29,8,,9,32,13,19,3,3,13,733
El Salvador,18668,2591,2535,401,2970,1369,800,772,120,106,542,174,298,90,80,48,94,29,285,56,97,107,128,67,321,222,360,43,64,53,90,60,134,38,73,22,68,11,20,9,41,27,60,17,5,44,22,9,4,17,23,153,2899
Equatorial Guinea,29,,,,,12,,,,,,,4,,,,,,,,,,,,,,,,,,,,,,,,,,,,,,,,,,,,,,,,3
Eritrea,1304,,15,5,90,24,59,170,39,128,16,21,35,12,,12,19,4,,,31,13,60,10,30,26,10,15,15,66,,17,18,,11,12,,,,4,6,,4,10,,,,,,,,3,281
Estonia,140,14,9,10,3,6,4,,10,4,,6,,5,,,,,,6,,,,,,,3,,,,,,,,,,,,,,,,,,,,,,,,,,35
Eswatini,28,4,,,,,,,,,,,,,,,,,,,,,,,,,,,,,,,,,,,,,,,,,,,,,,,,,,,9
Ethiopia,3706,43,82,7,784,71,211,86,53,306,66,41,158,46,3,32,36,6,4,17,323,22,189,18,118,30,50,75,16,119,10,17,58,,4,25,3,,9,10,43,12,,15,,,8,,3,6,,22,443
Fiji,419,4,13,,,,,46,,38,,8,,,,,6,,8,,,,,123,6,,,21,,,,,,,,,,,,,,,,,,28,,,,,,7,93
Finland,324,25,16,20,11,9,7,20,10,18,12,27,4,4,5,,,3,,6,5,3,,,,,,8,,,7,,,,,,3,,,,,,,,,,,,4,,,10,67
France,4107,774,410,409,156,108,60,267,107,86,189,116,80,57,42,86,23,51,19,43,37,31,37,13,32,12,18,27,10,10,25,11,11,22,12,16,9,5,11,20,9,4,4,7,,,5,12,13,4,4,22,567
French Polynesia,12,,,,,,,,,,,,,,,,,,,,,,,,,,,,,,,,,,,,,,,,,,,,,,,,,,,,
Gabon,123,16,3,,16,9,6,,,,3,,7,,,,,,,,,,5,,,,4,,,,,,,,,3,,,,,,,,,,,,,,,,,28
Gambia,778,188,9,3,38,4,22,,4,84,10,,64,6,,,,7,6,3,9,,4,,3,11,19,5,3,35,31,,3,,,3,14,,3,,5,,,15,,,,,,,,,151
Georgia,1239,713,72,14,32,3,6,14,18,3,5,19,11,112,10,4,3,7,,4,5,,9,3,,5,10,20,3,,,,,13,,10,,,,,,,,,,,7,3,,,3,,82
Germany,3900,447,255,144,143,75,75,166,118,104,125,103,76,61,52,73,56,85,24,49,30,44,32,18,31,39,17,29,24,6,15,9,19,21,23,24,9,11,19,11,19,24,3,14,3,4,8,11,10,8,44,61,1029
Ghana,3939,1028,33,14,462,65,72,16,117,43,40,5,177,102,44,10,36,24,18,14,50,10,46,6,9,34,99,21,8,214,13,8,17,13,,49,11,6,71,14,9,5,121,12,,,9,15,4,26,,23,690
Gibraltar,,,,,,,,,,,,,,,,,,,,,,,,,,,,,,,,,,,,,,,,,,,,,,,,,,,,,
Greece,842,219,55,27,40,13,11,32,35,20,61,11,7,36,6,6,12,6,7,24,4,,5,,,9,13,3,5,,,4,5,3,,,6,,,6,,3,6,,,,4,,,,3,,116
Grenada,370,217,,16,15,11,10,5,,,4,,11,5,3,,,,,3,,,,,,,3,,,,,,3,,,,,,,,,,,,,,,,,,,5,48
Guatemala,8904,966,1161,418,471,192,113,698,139,68,300,58,145,113,46,92,90,18,158,54,45,53,66,33,83,43,75,101,38,13,34,22,62,117,36,62,215,5,11,9,40,11,30,33,12,37,5,87,6,43,44,143,1990
Guinea,745,300,4,4,39,11,3,3,8,13,19,,51,40,,,7,,,,22,4,4,,,,12,,3,34,,11,,,,5,4,,,4,6,,,,,,,,,,,5,116
Guinea-Bissau,23,7,,,,,,,,,,,,,,,,,,,,,,,,,,,,,,,,,,,5,,,,,,,,,,,,,,,,
Guyana,3435,2336,12,133,60,21,19,,9,,10,,91,37,96,3,8,,3,35,47,,3,,4,,14,,,,,,4,11,,3,,,22,,4,7,,,,,3,5,,,3,12,395
Haiti,11456,2461,18,3829,96,20,24,9,48,15,917,,156,231,832,28,19,4,7,155,7,10,17,,11,24,28,9,5,31,7,98,20,152,,3,120,,28,4,24,85,41,17,,,7,58,4,3,169,55,1542
Holy See,,,,,,,,,,,,,,,,,,,,,,,,,,,,,,,,,,,,,,,,,,,,,,,,,,,,,
Honduras,10116,1354,591,1122,655,715,320,184,139,46,180,60,191,86,120,45,54,23,75,128,49,169,61,12,67,234,131,30,86,30,88,69,68,61,28,20,45,5,26,14,51,46,3,23,9,17,11,19,5,17,41,125,2368
Hong Kong,1334,238,206,18,25,27,30,140,26,90,31,68,16,26,10,19,13,9,16,,9,8,13,16,19,11,5,15,,,12,,4,10,5,,7,,,4,,,,4,,,3,7,3,,,10,143
Hungary,730,123,41,64,20,17,4,20,19,18,16,13,16,15,12,11,8,5,,24,6,12,6,,10,3,3,13,,3,,4,3,13,,12,,,,,,10,,,,,3,7,,,,5,157
Iceland,83,8,4,,5,,,5,,,9,,,,5,,3,,,3,,,,,,,,,,,,,,,,,,,,,,,,,,,,,,,,4,22
India,93450,11699,2552,803,3683,2748,6040,6041,3896,4790,2491,4735,3338,2733,511,941,1450,1730,456,737,1496,1588,690,608,177,1466,960,734,382,963,1530,579,577,385,302,639,265,30,903,748,383,366,564,284,15,653,360,856,451,113,29,232,12748
Indonesia,1588,145,231,28,68,54,44,61,28,76,36,31,36,47,12,29,26,11,77,10,10,25,22,10,26,8,12,17,10,5,,9,3,3,5,8,4,,,7,,5,,4,,,5,3,8,9,,21,289
Iran,5734,272,1219,64,319,176,154,224,135,159,162,310,132,78,37,192,56,71,57,43,34,72,62,85,38,15,55,53,27,22,27,16,26,15,26,15,17,,12,36,7,15,16,7,6,4,27,8,17,19,,17,1075
Iraq,1726,41,58,7,65,85,82,8,63,54,25,7,9,17,13,150,57,249,11,14,19,15,29,62,5,,13,24,16,13,6,3,24,,23,12,,,,9,17,8,9,10,,6,6,,6,3,,,367
Ireland,1364,392,68,16,29,13,20,96,57,29,90,39,18,30,17,27,8,,4,8,5,15,7,3,7,18,13,8,6,6,9,6,4,13,5,6,6,,6,5,3,4,5,,,,6,,5,,,13,212
Isle of Man,4,,,,,,,,,,,,,,,,,,,,,,,,,,,,,,,,,,,,,,,,,,,,,,,,,,,,
Israel,3103,798,371,281,64,41,47,96,49,73,123,283,34,43,19,55,46,13,14,22,10,24,16,22,55,6,15,32,13,8,5,5,15,4,6,9,8,,4,11,11,,4,5,,,5,,5,,,25,301
Italy,3069,600,229,387,104,52,39,97,100,56,111,70,38,52,34,76,18,48,17,40,7,17,13,16,30,19,15,23,5,24,7,12,8,16,10,16,12,6,11,7,4,9,8,5,,,9,,7,,4,24,552
Jamaica,13357,4142,70,2312,303,151,62,23,81,27,185,5,576,342,486,30,52,48,13,175,40,15,19,11,17,56,170,8,18,27,32,15,23,211,6,46,31,10,334,43,23,94,29,8,,,28,36,17,6,58,136,2704
Japan,3960,459,622,35,96,51,85,190,91,168,84,199,45,39,18,118,33,60,34,16,26,30,22,26,39,11,23,62,18,21,9,17,22,18,13,19,5,,8,12,8,5,4,,,,11,6,9,12,3,64,987
Jordan,3416,299,165,53,100,136,207,80,413,47,41,31,36,53,47,46,45,115,59,59,19,15,15,26,5,16,20,21,41,88,21,18,22,5,8,37,,,11,27,20,14,3,10,,10,74,5,30,10,10,28,752
Kazakhstan,1330,231,135,76,70,69,20,47,67,43,23,44,13,20,18,29,5,5,9,11,8,8,10,34,11,43,5,10,5,6,10,,3,3,3,13,3,,,3,3,9,3,,,,,4,3,,,5,181
Kenya,3088,108,37,28,79,120,212,32,33,193,103,10,97,66,95,22,61,9,17,13,267,12,17,7,14,9,58,23,9,55,25,18,19,,8,10,12,7,6,41,52,9,43,16,,,10,11,5,22,,26,937
Kiribati,5,,,,,,,,,,,,,,,,,,,,,,,,,,,,,,,,,,,,,,,,,,,,,,,,,,,,
"Korea, North",20,,4,,,,,,,,,,,,,,,,,,,,,,,,,,,,,,,,,,,,,,,,,,,,,,,,,,8
"Korea, South",12351,2078,2597,49,522,176,454,383,319,409,220,555,484,188,42,225,79,134,117,18,64,127,76,48,105,33,148,115,42,43,61,29,33,28,39,24,17,12,19,31,44,6,12,19,4,13,25,16,20,30,6,119,1894
Kosovo,562,221,8,12,25,13,14,,33,,5,,10,,,,9,28,,11,3,7,9,,3,3,,5,,,,,,9,,,,,,,,,,,,,,,4,,,4,103
Kuwait,916,76,74,31,38,55,53,25,41,8,10,12,15,9,36,13,8,21,16,20,7,4,5,5,,4,8,6,10,8,9,5,12,,,6,3,,3,14,3,9,,,,6,7,4,3,,,,203
Kyrgyzstan,710,95,34,11,21,17,14,12,218,27,5,11,13,48,13,3,,,,5,3,5,7,4,4,,5,3,3,,3,,,,,32,,,,5,,,,,,,4,,,,,,69
Laos,349,3,4,,3,,10,5,3,4,,,9,,,9,,,4,,75,,3,5,5,4,3,3,,,,,5,,5,,4,,3,,,,,,,,,,11,,,7,139
Latvia,258,28,20,14,11,9,7,6,18,,10,3,6,3,4,3,,3,,5,,,4,,3,,,,,,,,,,,,,,,,,,,,,,,,5,,,3,75
Lebanon,2253,169,198,88,107,146,62,48,44,15,110,19,32,28,33,29,22,419,35,24,12,20,10,8,15,10,,14,5,12,10,8,,4,,14,25,3,11,7,6,22,20,3,,3,35,,4,3,,8,325
Lesotho,14,,,,,,,,,,,,,,,,,,,,,,,,,,,,,,,,,,,,,,,,,,,,,,,,,,,,
Liberia,2504,170,5,5,162,34,61,7,18,12,44,,82,470,,6,22,4,,6,419,7,14,6,4,107,64,3,4,43,,20,5,,9,3,100,,4,8,12,,41,19,,6,4,65,,8,,7,398
Libya,409,26,18,4,13,31,6,11,4,21,14,4,4,8,6,4,5,13,5,,4,13,20,,,,,7,,13,,,,,,3,,,,3,,,,,,,,,,4,,3,131
Lithuania,487,49,40,29,16,5,7,7,145,9,9,10,6,13,5,7,8,6,,12,,3,9,,,5,,,,,,3,,3,4,,,,,,,,,,,,5,,,,,,53
Luxembourg,32,4,,5,,,,3,,3,,,,,,,,,,,,,,,,,,,,,,,,,,,,,,,,,,,,,,,,,,,4
Macau,46,6,5,,3,,,6,,,3,,,,,,,,4,,,,,,,,,,,,,,,,,,,,,,,,,,,,,,,,,,6
Madagascar,84,6,4,,23,,,,,6,,,,,,,3,,,,,,3,,,,,,,,,,,,3,,,,,,,,,,,,,,,,,4,19
Malawi,167,5,7,,17,,11,,3,4,,,3,5,,4,,,4,,,6,,,,,,,,3,,,3,,,,,,,,,,,6,,,,,,,,,68
Malaysia,1605,187,94,10,35,58,41,55,60,38,34,70,48,15,6,25,29,18,10,,23,24,9,12,3,22,8,16,9,9,13,93,18,4,3,5,,,,9,8,5,4,,,,3,,34,16,,14,398
Maldives,4,,,,,,,,,,,,,,,,,,,,,,,,,,,,,,,,,,,,,,,,,,,,,,,,,,,,
Mali,378,175,,3,15,7,4,,6,11,,,9,39,,,4,,,,,,8,,,3,12,,,4,,7,,,,16,,,,,,,,,,,,,,3,,,39
Malta,23,5,,,,,,,,,,,,,,,,,,,,,,,,,,,,,,,,,,,,,,,,,,,,,,,,,,,4
Marshall Islands,12,,,,,,,,,,,,,,,,,,,,,,,,,,,,,,,,,,,,,,,,,,,,,,,,,,,,7
Mauritania,144,25,,,14,,3,3,,,,,,6,,,,,,,,,3,,,,,,,19,,6,,,,22,,,,,,,,6,,,,,,,,,26
Mauritius,65,8,,,5,3,,4,,6,,,,,3,,,,,,,,,,,,,,,,,,,,,,,,,,,,,,,,,,,,,,15
Mexico,107230,2542,11749,1036,554,5419,6071,2522,5375,1191,215,1268,1467,495,304,4520,4379,740,3776,417,672,1457,1941,670,1514,637,141,980,2118,148,357,422,328,119,770,139,71,2459,43,220,493,68,21,205,1983,539,127,22,381,564,152,2433,30996
"Micronesia, Federated States",10,,,,,,,,,,,,,,,,,,,,,,,,,,,,,,,,,,,,,,,,,,,,,,,,,,,,
Moldova,1052,83,41,37,39,8,20,14,197,77,30,12,19,24,22,4,9,,,5,14,,12,63,12,17,5,24,,,5,,,,,3,,,,4,,,,3,,,7,,,,,6,218
Monaco,7,,,,,,,,,,,,,,,,,,,,,,,,,,,,,,,,,,,,,,,,,,,,,,,,,,,,
Mongolia,762,12,74,,109,5,5,126,157,32,7,8,,5,,8,7,,,,,4,41,22,,5,7,,,3,,,,,8,3,,,,,,,,3,,,,4,4,,,3,81
Montenegro,266,144,7,7,,,3,3,27,,3,,,,,,,17,,3,,,,,,,,,,,,,,5,,,,,,,,,,,,,,,,,,3,29
Montserrat,13,6,,,,,,,,,,,,,,,,,,,,,,,,,,,,,,,,,,,,,,,,,,,,,,,,,,,
Morocco,3819,565,102,115,306,69,74,88,134,31,377,11,67,128,166,24,15,35,25,70,31,19,67,15,29,27,47,20,11,59,67,16,10,21,,42,27,4,15,10,13,9,10,21,,6,12,4,13,30,,32,724
Mozambique,48,6,,,3,,5,,,,,,5,,,,,,,,,,3,,,,,,,,,,,,,,,,,,,,,,,,,,,,,,16
Namibia,75,5,,4,3,,,4,5,,,,6,3,,,5,,,,,,,,,,,,,,,,,,,,,,,,,,,,,,,,,,,,22
Nauru,,,,,,,,,,,,,,,,,,,,,,,,,,,,,,,,,,,,,,,,,,,,,,,,,,,,,
Nepal,7309,831,171,59,562,185,752,329,106,119,221,110,88,76,14,31,36,39,27,34,124,144,165,63,19,56,254,45,38,130,91,14,60,10,61,69,23,6,41,50,33,7,23,34,,5,31,,17,41,,33,1829
Netherlands,1009,137,58,37,23,43,20,35,36,24,52,30,14,11,18,16,16,7,7,5,10,7,25,,13,3,7,20,,,,5,4,13,3,7,4,,,5,5,8,,3,,,3,8,5,,,26,226
Netherlands Antilles (former),14,,,4,,,,,,,,,,,,,,,,,,,,,,,,,,,,,,,,,,,,,,,,,,,,,,,,,3
New Caledonia,5,,,,,,,,,,,,,,,,,,,,,,,,,,,,,,,,,,,,,,,,,,,,,,,,,,,,
New Zealand,665,58,68,6,21,10,21,33,21,33,14,17,10,8,6,17,23,5,5,,10,7,11,,,6,4,6,4,,,,5,4,11,5,4,,,5,3,3,,,,,,,,,,14,166
Nicaragua,4220,221,260,1648,175,137,53,205,27,33,26,24,56,49,63,23,19,5,89,41,9,42,16,25,48,36,17,9,22,9,11,31,15,10,13,4,3,,,3,,25,4,3,,8,4,,6,,28,29,629
Niger,182,30,3,,7,,,,,3,4,,8,6,,,,,,,,,,,,,3,,,,,23,,,,9,,,,,,,,,,,,,,,,,72
Nigeria,13100,1663,426,92,841,1292,1046,137,569,113,262,30,1001,273,93,49,113,141,136,57,168,83,60,39,63,78,671,60,71,157,79,450,89,31,23,57,83,11,25,74,37,29,18,25,4,17,54,27,33,93,4,65,1988
North Macedonia,745,172,12,42,5,10,6,6,142,8,7,,3,12,,5,8,45,,12,4,,,,6,4,,,3,9,,,,8,,4,,,,,5,3,,,,,,,,3,,15,166
Northern Mariana Islands,,,,,,,,,,,,,,,,,,,,,,,,,,,,,,,,,,,,,,,,,,,,,,,,,,,,,
Norway,226,25,19,7,9,28,7,10,3,7,,5,,,6,11,6,,,,,,,,,,,5,3,4,,,,3,,,,,,,,,,,,,,,,,,3,48
Oman,154,14,10,,6,4,8,,4,7,,4,6,,11,,,4,,,,3,,,,5,,,,,,,,,,4,,,,,,,,,,,,,,,,,43
Pakistan,9691,2110,239,132,851,787,477,241,561,145,135,89,242,242,56,36,48,197,73,52,48,84,39,177,17,33,214,23,43,80,34,49,8,25,12,29,58,7,34,43,43,13,39,19,4,156,15,27,38,39,7,31,1490
Palau,10,,,,,,,,,,,,,,,,,,,,,,,,,,,,,,,,,,,,,,,,,,,,,,,,,,,,4
Panama,844,112,26,116,34,36,28,13,15,8,13,3,31,6,35,6,8,5,5,24,6,13,6,5,6,,8,,17,3,6,,7,,,,3,3,,7,3,6,,3,,,4,,5,3,5,8,180
Papua New Guinea,20,,,,,,,,,,,,,,,,,,,,,,,,,,,,,,,,,,,,,,,,,,,,,,,,,,,,6
Paraguay,356,137,9,44,26,10,,,,,3,,3,,5,,3,3,4,3,,,,,3,,,3,3,,,,,10,,,,,3,,,,,,,,,,,,,6,55
Peru,5044,985,303,807,438,89,92,121,61,46,59,24,71,35,122,24,31,10,46,83,28,19,47,9,51,49,34,26,17,8,14,17,16,64,80,20,14,5,51,10,9,19,9,13,4,7,20,9,13,7,22,36,850
Philippines,27511,2060,2817,498,683,583,342,970,892,490,128,427,193,229,1349,697,382,165,498,222,194,98,108,183,757,471,185,182,145,54,43,65,535,46,67,390,52,32,55,138,86,148,34,92,25,141,45,10,45,66,43,1394,7957
Poland,2970,757,97,80,59,25,26,61,787,38,64,67,15,55,15,32,25,46,13,25,14,10,14,7,15,4,19,19,3,3,12,3,5,35,10,3,5,,70,5,,4,,,,,,23,8,,7,24,353
Portugal,750,189,21,70,18,16,13,13,18,7,64,16,4,11,7,6,3,,3,4,,5,,,,,5,6,,,,,,17,4,,75,,7,,,,,3,,,,,,,,4,119
Qatar,323,23,29,7,16,17,17,6,10,5,4,6,,,25,3,9,19,5,4,,,,7,,4,,4,,3,7,3,5,,,,,,,,,,,,,4,,,,,,,62
Romania,1846,165,77,122,58,50,23,37,157,69,50,33,48,28,12,16,103,77,21,16,7,8,7,18,26,4,9,48,12,,8,3,9,9,4,5,3,,8,,6,6,3,3,,,21,,,,16,24,411
Russia,5525,855,708,427,190,80,64,252,179,186,143,276,64,121,58,88,35,33,30,77,41,61,73,111,45,39,41,71,7,7,22,14,9,42,17,25,10,,13,22,,22,16,8,,,16,10,15,7,9,60,818
Rwanda,784,10,10,,5,46,56,5,26,16,6,,26,5,,5,26,,,,22,6,9,,,6,,10,6,9,4,10,6,,24,3,,,,3,8,3,,34,,,,,,5,,6,355
Saint Kitts and Nevis,113,29,,21,,,4,,,,3,,7,3,5,,,,,3,,,,,,,,,,,,,,,,,,,,,,,,,,,,,,,,9,14
Saint Lucia,457,201,,36,9,10,8,,5,,8,,14,6,28,,,4,,12,,,,,,5,3,,,,,,,8,,,,,15,3,,,,,,,,,,,,14,52
Saint Martin (French),9,,,,,,,,,,,,3,,,,,,,,,,,,,,,,,,,,,,,,,,,,,,,,,,,,,,,,
Saint Vincent and the Grenadines,228,134,,14,,,,,5,,3,,8,5,7,,,,,,,,,,,,3,,,,,,,,,,,,3,,,,,,,,,,,,,,24
Samoa,130,,16,,,,,3,,21,,,,,,,3,,7,,,,,,4,,,,,,,,,,7,,,,,,,,,,,,,,,,,4,56
San Marino,,,,,,,,,,,,,,,,,,,,,,,,,,,,,,,,,,,,,,,,,,,,,,,,,,,,,
Sao Tome and Principe,,,,,,,,,,,,,,,,,,,,,,,,,,,,,,,,,,,,,,,,,,,,,,,,,,,,,
Saudi Arabia,1780,175,113,36,93,129,73,54,111,42,37,30,25,19,35,15,20,61,15,21,27,10,14,6,6,16,17,13,9,26,8,23,7,,5,18,,,6,14,9,3,,6,,3,14,5,8,5,,8,384
Senegal,962,336,16,14,55,21,12,4,7,11,8,,47,17,,,4,14,,4,6,,8,,4,6,27,,,50,13,9,4,,,43,28,,,3,10,3,,7,,,5,,3,,,,147
Serbia,810,143,26,91,42,21,11,14,138,10,14,11,6,9,10,9,17,8,3,11,4,3,9,,11,5,3,6,,,3,,4,3,,,5,,,,,3,,,,,4,,7,,,12,124
Serbia and Montenegro (former),403,78,17,16,21,6,3,9,83,3,10,,8,4,5,4,7,7,,9,5,4,3,3,3,,,,,,,,,,,,,,,,4,,,,,,,,6,,,4,58
Seychelles,,,,,,,,,,,,,,,,,,,,,,,,,,,,,,,,,,,,,,,,,,,,,,,,,,,,,
Sierra Leone,1227,168,12,3,306,19,25,6,10,13,37,9,39,160,,,12,9,5,8,23,,3,12,5,6,24,,3,97,9,,,,,,,,,4,,,4,,,,,11,,,,3,163
Singapore,799,110,53,12,17,35,28,75,30,47,21,73,6,9,5,13,8,10,5,4,8,19,,,5,5,,8,4,3,10,,6,3,3,10,,,,3,,,,,,4,3,6,,,,3,122
Sint Maarten,24,7,,6,,,,,,,,,,,,,,,,,,,,,,,,,,,,,,,,,,,,,,,,,,,,,,,,,
Slovakia,311,56,15,22,14,,3,11,25,6,7,3,,9,7,,6,3,,,,,,,,,,,,,,,,6,4,,,,,,,,,,,,,,,,,4,82
Slovenia,87,14,5,4,,,,,3,,,,,,,5,,,3,6,,,,,,,,,,,,,,,,,,,,,,,,,,,,,,,,,21
Somalia,961,,4,,15,5,15,,16,62,13,3,7,,,23,9,,,,311,,18,,,4,,5,,135,4,7,9,,7,4,,,,,14,,,19,,,,,,,,15,226
South Africa,2716,193,126,155,102,74,77,80,93,88,47,28,102,32,18,49,28,29,10,17,23,29,45,17,12,73,31,31,16,18,27,14,15,29,9,7,17,,10,16,14,25,3,9,,,7,4,10,7,3,109,733
South Sudan,69,,,,,,,,,,5,,,,,,4,,,,,,,,,,,,,,,,4,,,,,,,,,,,4,,,,,,,,,36
Soviet Union (former),1082,163,141,72,36,10,16,69,66,19,34,44,8,39,10,23,12,6,5,15,7,7,16,22,10,5,6,10,,,,,3,9,,10,,,3,,,3,3,,,,3,3,,,,12,150
Spain,2644,460,159,457,114,82,53,92,77,32,98,60,44,36,27,53,18,33,18,31,24,33,20,6,9,18,6,10,13,5,16,4,12,23,,12,10,5,7,6,,10,5,3,,,10,9,4,,11,8,395
Sri Lanka,1232,184,129,10,67,34,49,26,26,13,35,25,20,11,10,8,4,15,9,14,16,10,12,13,17,8,10,33,,15,12,6,7,,8,7,4,,17,4,,,6,4,,5,,,3,,,15,302
Sudan,871,53,20,8,77,21,52,12,31,36,8,3,12,28,,8,26,10,5,,10,7,23,4,4,6,12,,5,8,,7,6,,8,,,,5,,3,7,3,6,,,6,,5,,,4,313
Suriname,117,60,4,10,3,3,,,,,,,,,7,,,,,,,,,,,,,,,,,,,,,,,,,,,,,,,,,,,,,,17
Sweden,788,107,101,41,25,11,21,41,25,21,22,50,12,3,11,25,12,,8,3,17,7,4,6,4,4,3,5,3,11,3,3,5,5,3,,,,,6,3,6,,,,,,,,,,5,133
Switzerland,614,96,47,34,30,11,18,18,15,10,31,17,7,5,6,15,20,,,7,5,6,4,,8,,3,4,5,3,3,,3,5,3,13,,,,,,8,,,,,,3,,,,12,119
Syria,1748,129,227,36,48,72,39,20,98,15,34,13,30,16,19,51,33,98,65,23,17,3,11,25,5,3,4,14,8,12,10,9,7,8,3,6,24,,5,5,14,35,6,11,,13,16,,3,,,9,392
Taiwan,4246,437,625,36,124,105,135,379,62,255,109,602,37,44,12,108,28,31,81,16,26,78,18,33,42,8,28,88,13,9,16,6,10,13,26,11,,7,8,6,9,4,5,,,,5,6,4,9,,17,510
Tajikistan,538,234,18,3,30,5,5,3,17,3,,3,4,46,5,,,,,,8,,24,,4,,,,,,,,,,,9,,,,,,,,,,,,,,,,,94
Tanzania,1438,36,13,4,46,66,54,5,23,18,23,,44,6,7,12,55,7,,13,29,,38,,7,7,22,10,17,35,19,9,36,,18,,8,,8,12,87,13,4,35,,,7,,,,,3,573
Thailand,4037,269,401,78,180,88,103,99,100,132,110,35,74,31,36,64,58,31,60,48,111,25,43,24,94,16,23,95,23,15,5,26,19,10,29,15,10,,15,19,18,10,4,6,,4,5,3,21,16,,90,1242
Togo,1143,163,6,,118,4,23,,42,,9,,55,23,4,5,9,,,3,68,5,13,,,25,9,3,14,13,13,16,,3,4,12,,,14,13,5,,,15,,,,,3,,,14,399
Tonga,171,,9,,,,11,30,,,,11,,,,,3,,4,,,,,10,,,,7,,,,,,,23,,,,,,,,,,,4,,,,,,,50
Trinidad and Tobago,1852,816,13,212,50,71,12,5,12,4,31,4,43,45,62,,9,4,,28,,4,3,,4,9,41,,4,,5,,4,5,,6,3,,5,,,12,,,,,,4,4,,3,9,287
Tunisia,514,59,35,15,43,21,9,32,15,7,12,4,7,22,10,9,4,7,7,7,,3,,3,3,4,,,,8,,6,,,4,3,,,,6,,3,,3,,,,,9,3,,8,106
Turkey,4465,878,307,158,219,196,93,160,168,125,162,130,91,143,49,73,40,30,18,48,37,47,44,28,20,21,43,29,38,12,26,17,16,18,10,23,15,7,20,28,18,21,5,3,,3,37,4,7,19,5,18,738
Turkmenistan,161,40,,4,6,13,4,6,14,24,,,,,,,,,,,,,,,,,,,,,,,,,,,,,,,,5,,,,,,,4,,,,26
Turks and Caicos Islands,53,4,,25,,,,,,,,,4,,,,,,,,,,,,,,,,,,,,,,,,,,,,,,,,,,,,,,,,7
Uganda,1146,24,37,5,51,22,43,15,35,31,133,8,42,12,,13,17,12,7,5,15,4,17,4,5,,10,9,5,18,3,12,11,3,14,,4,,4,6,40,4,7,28,,,9,,7,,,10,379
Ukraine,7578,1019,365,254,151,76,83,156,618,604,130,200,105,250,42,85,53,113,23,43,52,98,75,383,23,65,44,334,21,29,13,13,13,60,16,27,9,,38,24,13,64,11,11,,,136,10,36,9,13,59,1504
United Arab Emirates,1332,128,76,22,55,124,60,38,43,37,15,29,21,23,51,10,15,54,26,12,12,10,14,7,4,24,14,4,5,4,8,10,18,5,,10,,3,3,4,3,6,,,,3,5,,8,,,10,289
United Kingdom,9229,1411,774,287,320,333,240,390,238,246,262,152,219,201,149,121,141,93,49,111,64,105,88,20,78,97,50,106,44,34,63,35,77,119,22,56,29,,31,22,28,43,38,24,,10,21,12,23,32,29,108,1981
United States,256,38,16,18,26,7,14,5,3,,6,5,3,,8,3,3,,8,5,,4,,,,,,,6,,,,,3,5,,,,,,,,,,,,,,,,,,43
Uruguay,830,150,19,219,26,23,23,11,13,4,8,7,31,11,10,7,5,,5,8,3,4,7,,3,8,,,,,4,,,4,7,,,,,,,8,20,,,3,4,5,,,6,8,146
Uzbekistan,990,373,53,26,34,8,15,22,42,13,5,15,8,74,12,6,8,3,,,7,,5,12,4,10,14,5,,3,6,,18,,,28,,,,3,3,,,,,,6,,,,,3,129
Vanuatu,,,,,,,,,,,,,,,,,,,,,,,,,,,,,,,,,,,,,,,,,,,,,,,,,,,,,
Venezuela,14412,793,237,5202,206,868,291,93,513,54,122,38,270,96,1217,50,90,37,56,331,61,92,120,29,88,89,33,73,68,106,82,182,77,34,207,42,24,22,15,11,66,83,12,29,18,8,27,15,35,33,73,56,1938
Vietnam,16312,333,2139,237,501,1426,818,421,262,632,362,798,710,248,155,303,240,128,172,176,180,201,179,200,128,123,93,242,111,48,53,36,47,31,73,36,23,,47,87,61,61,74,39,6,53,16,,39,146,24,98,3690
"Virgin Islands, British",39,6,,6,,,,,,,,,,,4,,,,,,,,,,,,,,,,,,,,,,,,,,,,,,,,,,,,,4,6
Yemen,4345,1118,12,,34,15,16,295,165,12,4,13,4,53,4,4,,1095,6,,10,,3,7,,12,25,4,,4,13,20,21,,,,,,13,10,,,,,,29,4,,,,,57,1249
Zambia,361,27,5,4,14,6,27,4,21,6,10,,14,,8,,6,6,,6,7,3,5,,3,5,11,3,,8,3,5,,,,,8,,,,,,,,,,,,3,,,4,115
Zimbabwe,737,37,27,7,46,12,65,5,13,25,31,4,17,14,26,4,9,3,5,7,5,,6,,,9,,,6,9,4,13,3,,3,20,3,3,,,3,,,3,,,4,,,,,10,260
Unknown,1011,177,29,33,20,31,27,10,118,17,8,7,19,25,15,6,7,20,16,11,6,3,15,18,3,6,,13,,9,4,5,4,5,,8,,,7,16,,4,,,,,14,,15,,,8,239
